CREATE DATABASE  IF NOT EXISTS `myshopdb` /*!40100 DEFAULT CHARACTER SET utf8mb4 COLLATE utf8mb4_0900_ai_ci */ /*!80016 DEFAULT ENCRYPTION='N' */;
USE `myshopdb`;
-- MySQL dump 10.13  Distrib 8.0.29, for Win64 (x86_64)
--
-- Host: 127.0.0.1    Database: myshopdb
-- ------------------------------------------------------
-- Server version	8.0.29

/*!40101 SET @OLD_CHARACTER_SET_CLIENT=@@CHARACTER_SET_CLIENT */;
/*!40101 SET @OLD_CHARACTER_SET_RESULTS=@@CHARACTER_SET_RESULTS */;
/*!40101 SET @OLD_COLLATION_CONNECTION=@@COLLATION_CONNECTION */;
/*!50503 SET NAMES utf8 */;
/*!40103 SET @OLD_TIME_ZONE=@@TIME_ZONE */;
/*!40103 SET TIME_ZONE='+00:00' */;
/*!40014 SET @OLD_UNIQUE_CHECKS=@@UNIQUE_CHECKS, UNIQUE_CHECKS=0 */;
/*!40014 SET @OLD_FOREIGN_KEY_CHECKS=@@FOREIGN_KEY_CHECKS, FOREIGN_KEY_CHECKS=0 */;
/*!40101 SET @OLD_SQL_MODE=@@SQL_MODE, SQL_MODE='NO_AUTO_VALUE_ON_ZERO' */;
/*!40111 SET @OLD_SQL_NOTES=@@SQL_NOTES, SQL_NOTES=0 */;

--
-- Table structure for table `item_log_table`
--

DROP TABLE IF EXISTS `item_log_table`;
/*!40101 SET @saved_cs_client     = @@character_set_client */;
/*!50503 SET character_set_client = utf8mb4 */;
CREATE TABLE `item_log_table` (
  `ID` int NOT NULL AUTO_INCREMENT,
  `Item_id` bigint NOT NULL,
  `Date` datetime NOT NULL,
  `Type_of_operation` varchar(45) NOT NULL,
  `oldName` varchar(45) NOT NULL,
  `oldPrice` double NOT NULL,
  `oldTaxPercentage` int NOT NULL,
  `oldQuantity` int NOT NULL,
  `newName` varchar(45) NOT NULL,
  `newPrice` double NOT NULL,
  `newTaxPercentage` int NOT NULL,
  `newQuantity` int NOT NULL,
  PRIMARY KEY (`ID`)
) ENGINE=InnoDB AUTO_INCREMENT=202 DEFAULT CHARSET=utf8mb4 COLLATE=utf8mb4_0900_ai_ci;
/*!40101 SET character_set_client = @saved_cs_client */;

--
-- Dumping data for table `item_log_table`
--

LOCK TABLES `item_log_table` WRITE;
/*!40000 ALTER TABLE `item_log_table` DISABLE KEYS */;
INSERT INTO `item_log_table` VALUES (1,10,'2022-06-05 01:34:52','insert','81',0,0,0,'',0,0,0),(2,15654,'2022-06-05 01:49:20','insert','null',0,0,0,'dfsj',2,8,100),(3,11,'2022-06-05 01:51:15','insert','null',0,0,0,'Pepsi 2.5L',14.95,18,100),(4,4,'2022-06-05 01:55:51','insert','asdasd',4,0,18,'asdasd',4,0,20),(5,4,'2022-06-05 01:56:41','update','asdasd',4,0,20,'asdasd',4,8,20),(7,7,'2022-06-05 01:59:16','update','7',87.9,8,4,'7',20.5,8,4),(14,6,'2022-06-05 02:03:52','delete','6',6,0,66,'null',0,0,0),(15,5,'2022-06-05 21:34:08','delete','5',5,0,5,'null',0,0,0),(16,7,'2022-06-05 21:34:09','delete','7',20.5,8,4,'null',0,0,0),(17,8,'2022-06-05 21:34:10','delete','8',8.5,8,4,'null',0,0,0),(18,9,'2022-06-05 21:34:10','delete','dshjne',12.5,8,20,'null',0,0,0),(19,10,'2022-06-05 21:34:10','delete','10',20,1,50,'null',0,0,0),(20,11,'2022-06-05 21:34:10','delete','Pepsi 2.5L',14.95,18,100,'null',0,0,0),(21,1,'2022-06-05 22:43:30','update','1',1,0,4,'1',1,0,3),(22,1,'2022-06-05 22:43:41','update','1',1,0,3,'1',1,0,2),(23,1,'2022-06-05 22:43:51','update','1',1,0,2,'1',1,0,1),(24,1,'2022-06-05 22:43:56','update','1',1,0,1,'1',1,0,0),(25,1,'2022-06-05 22:44:01','update','1',1,0,0,'1',1,0,-1),(26,4,'2022-06-05 22:58:34','update','asdasd',4,8,20,'asdasd',4,8,19),(27,4,'2022-06-05 22:58:44','update','asdasd',4,8,19,'asdasd',4,8,20),(28,4,'2022-06-05 22:58:44','update','asdasd',4,8,20,'asdasd',4,8,13),(29,4,'2022-06-05 22:58:49','update','asdasd',4,8,13,'asdasd',4,8,20),(30,4,'2022-06-05 22:58:49','update','asdasd',4,8,20,'asdasd',4,8,13),(31,4,'2022-06-05 22:59:05','update','asdasd',4,8,13,'asdasd',4,8,12),(32,4,'2022-06-05 22:59:12','update','asdasd',4,8,12,'asdasd',4,8,11),(33,4,'2022-06-05 22:59:16','update','asdasd',4,8,11,'asdasd',4,8,10),(34,4,'2022-06-05 22:59:25','update','asdasd',4,8,10,'asdasd',4,8,9),(35,33,'2022-06-05 22:59:41','update','33',30.3,18,33,'33',30.3,18,32),(36,55,'2022-06-05 22:59:46','update','55',26.3,18,11,'55',26.3,18,10),(37,33,'2022-06-05 23:00:02','update','33',30.3,18,32,'33',30.3,18,33),(38,33,'2022-06-05 23:00:02','update','33',30.3,18,33,'33',30.3,18,30),(39,33,'2022-06-05 23:00:09','update','33',30.3,18,30,'33',30.3,18,33),(40,33,'2022-06-05 23:00:28','update','33',30.3,18,33,'33',30.3,18,20),(41,33,'2022-06-05 23:00:40','update','33',30.3,18,20,'33',30.3,18,33),(42,33,'2022-06-05 23:00:40','update','33',30.3,18,33,'33',30.3,18,28),(43,4,'2022-06-05 23:00:49','update','asdasd',4,8,9,'asdasd',4,8,10),(44,4,'2022-06-05 23:02:53','update','asdasd',4,8,10,'asdasd',4,8,9),(45,2,'2022-06-05 23:02:55','update','2',2,0,2,'2',2,0,1),(46,33,'2022-06-05 23:03:00','update','33',30.3,18,28,'33',30.3,18,27),(47,4,'2022-06-05 23:03:03','update','asdasd',4,8,9,'asdasd',4,8,10),(48,33,'2022-06-05 23:03:38','update','33',30.3,18,27,'33',30.3,18,26),(49,55,'2022-06-05 23:03:39','update','55',26.3,18,10,'55',26.3,18,9),(50,101,'2022-06-05 23:03:43','update','101',101,18,108,'101',101,18,107),(51,33,'2022-06-05 23:03:46','update','33',30.3,18,26,'33',30.3,18,27),(52,4,'2022-06-05 23:04:06','update','asdasd',4,8,10,'asdasd',4,8,9),(53,2,'2022-06-05 23:04:07','update','2',2,0,1,'2',2,0,0),(54,4,'2022-06-05 23:04:09','update','asdasd',4,8,9,'asdasd',4,8,10),(55,4,'2022-06-05 23:05:09','update','asdasd',4,8,10,'asdasd',4,8,9),(56,3,'2022-06-05 23:05:10','update','3',3,0,3,'3',3,0,2),(57,55,'2022-06-05 23:05:16','update','55',26.3,18,9,'55',26.3,18,8),(58,4,'2022-06-05 23:05:21','update','asdasd',4,8,9,'asdasd',4,8,10),(59,55,'2022-06-05 23:05:27','update','55',26.3,18,8,'55',26.3,18,9),(60,4,'2022-06-05 23:18:05','update','asdasd',4,8,10,'asdasd',4,8,9),(61,55,'2022-06-05 23:18:07','update','55',26.3,18,9,'55',26.3,18,8),(62,33,'2022-06-05 23:18:08','update','33',30.3,18,27,'33',30.3,18,26),(63,4,'2022-06-05 23:18:14','update','asdasd',4,8,9,'asdasd',4,8,10),(64,55,'2022-06-05 23:18:14','update','55',26.3,18,8,'55',26.3,18,9),(65,33,'2022-06-05 23:18:14','update','33',30.3,18,26,'33',30.3,18,27),(66,55,'2022-06-05 23:19:05','update','55',26.3,18,9,'55',26.3,18,8),(67,33,'2022-06-05 23:19:07','update','33',30.3,18,27,'33',30.3,18,26),(68,55,'2022-06-05 23:20:41','update','55',26.3,18,8,'55',26.3,18,7),(69,33,'2022-06-05 23:20:45','update','33',30.3,18,26,'33',30.3,18,25),(70,1,'2022-06-05 23:22:27','update','1',1,0,-1,'1',1,0,20),(71,2,'2022-06-05 23:23:32','update','2',2,0,0,'2',2,0,5),(72,999,'2022-06-05 23:24:01','update','999',999,0,999,'999',99.99,0,100),(73,33,'2022-06-05 23:25:33','update','33',30.3,18,25,'33',30.3,18,25),(74,33,'2022-06-05 23:25:52','update','33',30.3,18,25,'33',30.7,18,25),(75,54654,'2022-06-05 23:28:07','insert','null',0,0,0,'sdıfjkh',56,8,20),(76,7,'2022-06-05 23:31:57','insert','null',0,0,0,'gfddf',21.5,100,20),(77,7,'2022-06-05 23:32:44','update','gfddf',21.5,100,20,'gfddf',21.5,100,19),(78,7,'2022-06-05 23:34:41','update','gfddf',21.5,100,19,'gfddf',21.5,100,18),(79,33,'2022-06-05 23:34:47','update','33',30.7,18,25,'33',30.7,18,24),(80,4,'2022-06-05 23:34:52','update','asdasd',4,8,10,'asdasd',4,8,9),(81,7,'2022-06-05 23:34:59','update','gfddf',21.5,100,18,'gfddf',21.5,100,19),(82,4,'2022-06-05 23:35:09','update','asdasd',4,8,9,'asdasd',4,8,8),(83,7,'2022-06-05 23:35:13','update','gfddf',21.5,100,19,'gfddf',21.5,100,18),(84,4,'2022-06-05 23:36:07','update','asdasd',4,8,8,'asdasd',4,8,7),(85,7,'2022-06-05 23:36:08','update','gfddf',21.5,100,18,'gfddf',21.5,100,17),(86,3,'2022-06-05 23:36:11','update','3',3,0,2,'3',3,0,1),(87,1,'2022-06-05 23:36:13','update','1',1,0,20,'1',1,0,19),(88,33,'2022-06-05 23:36:16','update','33',30.7,18,24,'33',30.7,18,23),(89,7,'2022-06-05 23:36:22','update','gfddf',21.5,100,17,'gfddf',21.5,100,18),(90,7,'2022-06-05 23:36:22','update','gfddf',21.5,100,18,'gfddf',21.5,100,13),(91,7,'2022-06-05 23:36:36','update','gfddf',21.5,100,13,'gfddf',21.5,100,18),(92,33,'2022-06-05 23:36:39','update','33',30.7,18,23,'33',30.7,18,24),(93,4,'2022-06-05 23:36:41','update','asdasd',4,8,7,'asdasd',4,8,8),(94,3,'2022-06-05 23:36:42','update','3',3,0,1,'3',3,0,2),(95,1,'2022-06-05 23:36:43','update','1',1,0,19,'1',1,0,20),(96,7,'2022-06-05 23:36:46','update','gfddf',21.5,100,18,'gfddf',21.5,100,17),(97,7,'2022-06-05 23:36:51','update','gfddf',21.5,100,17,'gfddf',21.5,100,18),(98,7,'2022-06-05 23:36:51','update','gfddf',21.5,100,18,'gfddf',21.5,100,13),(99,7,'2022-06-05 23:39:16','update','gfddf',21.5,100,13,'gfddf',21.5,100,12),(100,7,'2022-06-05 23:39:21','update','gfddf',21.5,100,12,'gfddf',21.5,100,13),(101,7,'2022-06-05 23:39:21','update','gfddf',21.5,100,13,'gfddf',21.5,100,8),(102,4,'2022-06-05 23:39:55','update','asdasd',4,8,8,'asdasd',4,8,7),(103,7,'2022-06-05 23:39:58','update','gfddf',21.5,100,8,'gfddf',21.5,100,7),(104,4,'2022-06-05 23:40:03','update','asdasd',4,8,7,'asdasd',4,8,8),(105,7,'2022-06-05 23:40:07','update','gfddf',21.5,100,7,'gfddf',21.5,100,8),(106,7,'2022-06-05 23:40:07','update','gfddf',21.5,100,8,'gfddf',21.5,100,3),(107,4,'2022-06-05 23:43:22','update','asdasd',4,8,8,'asdasd',4,8,7),(108,7,'2022-06-05 23:43:25','update','gfddf',21.5,100,3,'gfddf',21.5,100,2),(109,4,'2022-06-05 23:43:27','update','asdasd',4,8,7,'asdasd',4,8,8),(110,7,'2022-06-05 23:43:32','update','gfddf',21.5,100,2,'gfddf',21.5,100,3),(111,7,'2022-06-05 23:43:32','update','gfddf',21.5,100,3,'gfddf',21.5,100,-2),(112,7,'2022-06-05 23:45:25','update','gfddf',21.5,100,-2,'gfddf',21.5,100,70),(113,7,'2022-06-05 23:45:34','update','gfddf',21.5,100,70,'gfddf',21.5,100,69),(114,7,'2022-06-05 23:45:37','update','gfddf',21.5,100,69,'gfddf',21.5,100,70),(115,7,'2022-06-05 23:45:37','update','gfddf',21.5,100,70,'gfddf',21.5,100,65),(116,7,'2022-06-05 23:46:06','update','gfddf',21.5,100,65,'gfddf',21.5,100,60),(117,1,'2022-06-06 00:02:11','update','1',1,0,20,'1',1,0,19),(118,2,'2022-06-06 00:02:14','update','2',2,0,5,'2',2,0,4),(119,3,'2022-06-06 00:02:14','update','3',3,0,2,'3',3,0,1),(120,33,'2022-06-06 00:02:15','update','33',30.7,18,24,'33',30.7,18,23),(121,33,'2022-06-06 00:07:05','update','33',30.7,18,23,'33',30.7,18,22),(122,33,'2022-06-06 00:07:21','update','33',30.7,18,22,'33',30.7,18,23),(123,33,'2022-06-06 00:07:21','update','33',30.7,18,23,'33',30.7,18,18),(124,33,'2022-06-06 00:07:40','update','33',30.7,18,18,'33',30.7,18,23),(125,4,'2022-06-06 00:07:50','update','asdasd',4,8,8,'asdasd',4,8,7),(126,33,'2022-06-06 00:07:54','update','33',30.7,18,23,'33',30.7,18,22),(127,55,'2022-06-06 00:07:55','update','55',26.3,18,7,'55',26.3,18,6),(128,4,'2022-06-06 00:08:08','update','asdasd',4,8,7,'asdasd',4,8,8),(129,33,'2022-06-06 00:08:08','update','33',30.7,18,22,'33',30.7,18,23),(130,55,'2022-06-06 00:08:08','update','55',26.3,18,6,'55',26.3,18,7),(131,7,'2022-06-06 00:08:36','update','gfddf',21.5,100,60,'gfddf',21.5,100,59),(132,7,'2022-06-06 00:09:04','update','gfddf',21.5,100,59,'gfddf',21.5,100,60),(133,1,'2022-06-06 00:22:00','update','1',1,0,19,'1',1,0,18),(134,1,'2022-06-06 00:30:31','update','1',1,0,18,'1',1,0,17),(135,1,'2022-06-06 00:31:55','update','1',1,0,17,'1',1,0,16),(136,1,'2022-06-06 00:32:00','update','1',1,0,16,'1',1,0,17),(137,1,'2022-06-06 00:32:07','update','1',1,0,17,'1',1,0,16),(138,1,'2022-06-06 00:32:08','update','1',1,0,16,'1',1,0,17),(139,2,'2022-06-06 00:32:31','update','2',2,0,4,'2',2,0,3),(140,2,'2022-06-06 00:32:35','update','2',2,0,3,'2',2,0,4),(141,33,'2022-06-06 03:13:09','update','33',30.7,18,23,'33',30.7,18,22),(142,55,'2022-06-06 03:13:10','update','55',26.3,18,7,'55',26.3,18,6),(143,101,'2022-06-06 03:13:16','update','101',101,18,107,'101',101,18,106),(144,4,'2022-06-07 01:19:22','update','asdasd',4,8,8,'asdasd',4,8,2),(145,1,'2022-06-07 01:19:29','update','1',1,0,17,'1',1,0,16),(146,2,'2022-06-07 01:19:31','update','2',2,0,4,'2',2,0,3),(147,1,'2022-06-07 01:20:11','update','1',1,0,16,'1',1,0,15),(148,4,'2022-06-07 01:20:13','update','asdasd',4,8,2,'asdasd',4,8,1),(149,7,'2022-06-07 01:20:17','update','gfddf',21.5,100,60,'gfddf',21.5,100,59),(150,4,'2022-06-07 01:20:25','update','asdasd',4,8,1,'asdasd',4,8,2),(151,4,'2022-06-07 01:20:25','update','asdasd',4,8,2,'asdasd',4,8,-7),(152,3,'2022-06-07 01:22:09','update','3',3,0,1,'3',3,0,0),(153,7,'2022-06-07 01:22:13','update','gfddf',21.5,100,59,'gfddf',21.5,100,50),(154,33,'2022-06-07 01:22:21','update','33',30.7,18,22,'33',30.7,18,20),(155,4,'2022-06-07 01:23:53','update','asdasd',4,8,-7,'asdasd',4,8,4),(156,2,'2022-06-07 01:30:26','update','2',2,0,3,'2',2,0,0),(157,2,'2022-06-07 01:30:37','update','2',2,0,0,'2',2,0,3),(158,2,'2022-06-07 01:30:39','update','2',2,0,3,'2',2,0,2),(159,2,'2022-06-07 01:30:42','update','2',2,0,2,'2',2,0,1),(160,2,'2022-06-07 01:30:43','update','2',2,0,1,'2',2,0,0),(161,2,'2022-06-07 01:30:46','update','2',2,0,0,'2',2,0,1),(162,2,'2022-06-07 01:30:48','update','2',2,0,1,'2',2,0,2),(163,2,'2022-06-07 01:31:05','update','2',2,0,2,'2',2,0,3),(164,2,'2022-06-07 01:31:05','update','2',2,0,3,'2',2,0,1),(165,1,'2022-06-07 01:31:10','update','1',1,0,15,'1',1,0,14),(166,1,'2022-06-07 01:31:15','update','1',1,0,14,'1',1,0,15),(167,1,'2022-06-07 01:31:15','update','1',1,0,15,'1',1,0,10),(168,1,'2022-06-07 01:36:32','update','1',1,0,10,'1',1,0,9),(169,7,'2022-06-07 01:36:37','update','gfddf',21.5,100,50,'gfddf',21.5,100,49),(170,4,'2022-06-07 01:36:44','update','asdasd',4,8,4,'asdasd',4,8,3),(171,4,'2022-06-07 01:37:12','update','asdasd',4,8,3,'asdasd',4,8,4),(172,4,'2022-06-07 01:37:12','update','asdasd',4,8,4,'asdasd',4,8,1),(173,55,'2022-06-07 01:38:57','update','55',26.3,18,6,'55',26.3,18,5),(174,55,'2022-06-07 01:42:36','update','55',26.3,18,5,'55',26.3,18,4),(175,55,'2022-06-07 01:45:03','update','55',26.3,18,4,'55',26.3,18,-5),(176,55,'2022-06-07 01:45:10','update','55',26.3,18,-5,'55',26.3,18,5),(177,1221,'2022-06-07 01:45:23','delete','1221',1221,0,1221,'null',0,0,0),(178,999,'2022-06-07 01:45:25','delete','999',99.99,0,100,'null',0,0,0),(179,4,'2022-06-08 09:31:00','update','asdasd',4,8,1,'asdasd',4,8,0),(180,33,'2022-06-08 09:31:32','update','33',30.7,18,20,'33',30.7,18,15),(181,33,'2022-06-08 09:33:01','update','33',30.7,18,15,'33',30.7,18,20),(182,33,'2022-06-08 09:33:01','update','33',30.7,18,20,'33',30.7,18,17),(183,8695077081131,'2022-06-08 11:40:22','insert','null',0,0,0,'perfomans iç 250 ml',7.25,18,20),(184,8695077081131,'2022-06-08 11:45:31','update','perfomans iç 250 ml',7.25,18,20,'perfomans iç 250 ml',7.25,8,50),(185,321,'2022-06-08 11:50:06','delete','321',321,0,321,'null',0,0,0),(186,159,'2022-06-08 11:50:36','delete','159',159,0,159,'null',0,0,0),(187,1,'2022-06-08 13:17:12','update','1',1,0,9,'1',1,0,8),(188,33,'2022-06-08 13:17:15','update','33',30.7,18,17,'33',30.7,18,16),(189,55,'2022-06-08 13:17:18','update','55',26.3,18,5,'55',26.3,18,4),(190,55,'2022-06-08 13:17:25','update','55',26.3,18,4,'55',26.3,18,5),(191,55,'2022-06-08 13:17:25','update','55',26.3,18,5,'55',26.3,18,2),(192,5,'2022-06-08 13:18:03','insert','null',0,0,0,'fggjjh',20.25,18,20),(193,5,'2022-06-08 13:18:16','update','fggjjh',20.25,18,20,'fggjjh',20.25,18,50),(194,1,'2022-06-09 16:39:22','update','1',1,0,8,'1',1,0,7),(195,5,'2022-06-09 16:39:23','update','fggjjh',20.25,18,50,'fggjjh',20.25,18,49),(196,5,'2022-06-09 16:39:40','update','fggjjh',20.25,18,49,'fggjjh',20.25,18,50),(197,5,'2022-06-09 16:39:40','update','fggjjh',20.25,18,50,'fggjjh',20.25,18,43),(198,1,'2022-06-09 16:39:45','update','1',1,0,7,'1',1,0,8),(199,5,'2022-06-09 16:39:49','update','fggjjh',20.25,18,43,'fggjjh',20.25,18,50),(200,5,'2022-06-09 16:39:49','update','fggjjh',20.25,18,50,'fggjjh',20.25,18,47),(201,1,'2022-06-13 09:04:26','update','1',1,0,8,'1',1,0,7);
/*!40000 ALTER TABLE `item_log_table` ENABLE KEYS */;
UNLOCK TABLES;

--
-- Table structure for table `items_table`
--

DROP TABLE IF EXISTS `items_table`;
/*!40101 SET @saved_cs_client     = @@character_set_client */;
/*!50503 SET character_set_client = utf8mb4 */;
CREATE TABLE `items_table` (
  `ID` bigint NOT NULL,
  `Name` varchar(45) NOT NULL,
  `Price` double NOT NULL,
  `TaxPercentage` int NOT NULL,
  `Quantity` int DEFAULT NULL,
  PRIMARY KEY (`ID`)
) ENGINE=InnoDB DEFAULT CHARSET=utf8mb4 COLLATE=utf8mb4_0900_ai_ci;
/*!40101 SET character_set_client = @saved_cs_client */;

--
-- Dumping data for table `items_table`
--

LOCK TABLES `items_table` WRITE;
/*!40000 ALTER TABLE `items_table` DISABLE KEYS */;
INSERT INTO `items_table` VALUES (1,'1',1,0,7),(2,'2',2,0,1),(3,'3',3,0,0),(4,'asdasd',4,8,0),(5,'fggjjh',20.25,18,47),(7,'gfddf',21.5,100,49),(33,'33',30.7,18,16),(55,'55',26.3,18,2),(77,'77',77,8,77),(99,'99',99,0,99),(101,'101',101,18,106),(123,'123',123,0,123),(666,'6',6,0,6),(7777,'water 250 ML',6,0,100),(15654,'dfsj',2,8,100),(54654,'sdıfjkh',56,8,20),(4564231,'pepsi 250ml',7.75,18,100),(5465897123,'kitkat',2.5,0,100),(8695077081131,'perfomans iç 250 ml',7.25,8,50);
/*!40000 ALTER TABLE `items_table` ENABLE KEYS */;
UNLOCK TABLES;
/*!50003 SET @saved_cs_client      = @@character_set_client */ ;
/*!50003 SET @saved_cs_results     = @@character_set_results */ ;
/*!50003 SET @saved_col_connection = @@collation_connection */ ;
/*!50003 SET character_set_client  = utf8mb4 */ ;
/*!50003 SET character_set_results = utf8mb4 */ ;
/*!50003 SET collation_connection  = utf8mb4_0900_ai_ci */ ;
/*!50003 SET @saved_sql_mode       = @@sql_mode */ ;
/*!50003 SET sql_mode              = 'STRICT_TRANS_TABLES,NO_ENGINE_SUBSTITUTION' */ ;
DELIMITER ;;
/*!50003 CREATE*/ /*!50017 DEFINER=`root`@`localhost`*/ /*!50003 TRIGGER `items_table_AFTER_INSERT` AFTER INSERT ON `items_table` FOR EACH ROW BEGIN
insert into myshopdb.item_log_table (Item_id,Date,Type_of_operation,oldName,oldPrice,oldTaxPercentage,oldQuantity,newName,newPrice,newTaxPercentage,newQuantity)
 values (new.ID,now(),'insert','null',0,0,0,new.Name,new.Price,new.TaxPercentage,new.Quantity);
END */;;
DELIMITER ;
/*!50003 SET sql_mode              = @saved_sql_mode */ ;
/*!50003 SET character_set_client  = @saved_cs_client */ ;
/*!50003 SET character_set_results = @saved_cs_results */ ;
/*!50003 SET collation_connection  = @saved_col_connection */ ;
/*!50003 SET @saved_cs_client      = @@character_set_client */ ;
/*!50003 SET @saved_cs_results     = @@character_set_results */ ;
/*!50003 SET @saved_col_connection = @@collation_connection */ ;
/*!50003 SET character_set_client  = utf8mb4 */ ;
/*!50003 SET character_set_results = utf8mb4 */ ;
/*!50003 SET collation_connection  = utf8mb4_0900_ai_ci */ ;
/*!50003 SET @saved_sql_mode       = @@sql_mode */ ;
/*!50003 SET sql_mode              = 'STRICT_TRANS_TABLES,NO_ENGINE_SUBSTITUTION' */ ;
DELIMITER ;;
/*!50003 CREATE*/ /*!50017 DEFINER=`root`@`localhost`*/ /*!50003 TRIGGER `items_table_BEFORE_UPDATE` BEFORE UPDATE ON `items_table` FOR EACH ROW BEGIN
insert into myshopdb.item_log_table (Item_id,Date,Type_of_operation,oldName,oldPrice,oldTaxPercentage,oldQuantity,newName,newPrice,newTaxPercentage,newQuantity)
 values (old.ID,now(),'update',old.Name,old.Price,old.TaxPercentage,old.Quantity,new.Name,new.Price,new.TaxPercentage,new.Quantity);
END */;;
DELIMITER ;
/*!50003 SET sql_mode              = @saved_sql_mode */ ;
/*!50003 SET character_set_client  = @saved_cs_client */ ;
/*!50003 SET character_set_results = @saved_cs_results */ ;
/*!50003 SET collation_connection  = @saved_col_connection */ ;
/*!50003 SET @saved_cs_client      = @@character_set_client */ ;
/*!50003 SET @saved_cs_results     = @@character_set_results */ ;
/*!50003 SET @saved_col_connection = @@collation_connection */ ;
/*!50003 SET character_set_client  = utf8mb4 */ ;
/*!50003 SET character_set_results = utf8mb4 */ ;
/*!50003 SET collation_connection  = utf8mb4_0900_ai_ci */ ;
/*!50003 SET @saved_sql_mode       = @@sql_mode */ ;
/*!50003 SET sql_mode              = 'STRICT_TRANS_TABLES,NO_ENGINE_SUBSTITUTION' */ ;
DELIMITER ;;
/*!50003 CREATE*/ /*!50017 DEFINER=`root`@`localhost`*/ /*!50003 TRIGGER `items_table_BEFORE_DELETE` BEFORE DELETE ON `items_table` FOR EACH ROW BEGIN
insert into myshopdb.item_log_table (Item_id,Date,Type_of_operation,oldName,oldPrice,oldTaxPercentage,oldQuantity,newName,newPrice,newTaxPercentage,newQuantity)
 values (old.ID,now(),'delete',old.Name,old.Price,old.TaxPercentage,old.Quantity,'null',0,0,0);
END */;;
DELIMITER ;
/*!50003 SET sql_mode              = @saved_sql_mode */ ;
/*!50003 SET character_set_client  = @saved_cs_client */ ;
/*!50003 SET character_set_results = @saved_cs_results */ ;
/*!50003 SET collation_connection  = @saved_col_connection */ ;

--
-- Table structure for table `receipt_table`
--

DROP TABLE IF EXISTS `receipt_table`;
/*!40101 SET @saved_cs_client     = @@character_set_client */;
/*!50503 SET character_set_client = utf8mb4 */;
CREATE TABLE `receipt_table` (
  `ID` int NOT NULL AUTO_INCREMENT,
  `Date` datetime DEFAULT NULL,
  `TotalPrice` double DEFAULT NULL,
  `Paidamount` double DEFAULT NULL,
  `Changeamount` double DEFAULT NULL,
  `Type` varchar(50) DEFAULT NULL,
  `TotalTax` double DEFAULT NULL,
  PRIMARY KEY (`ID`),
  KEY `Type_idx` (`Type`)
) ENGINE=InnoDB AUTO_INCREMENT=324 DEFAULT CHARSET=utf8mb4 COLLATE=utf8mb4_0900_ai_ci;
/*!40101 SET character_set_client = @saved_cs_client */;

--
-- Dumping data for table `receipt_table`
--

LOCK TABLES `receipt_table` WRITE;
/*!40000 ALTER TABLE `receipt_table` DISABLE KEYS */;
INSERT INTO `receipt_table` VALUES (1,NULL,20.5,NULL,NULL,NULL,NULL),(2,NULL,NULL,NULL,NULL,NULL,NULL),(3,NULL,NULL,NULL,NULL,NULL,NULL),(4,NULL,NULL,NULL,NULL,NULL,NULL),(5,NULL,NULL,NULL,NULL,NULL,NULL),(6,NULL,NULL,NULL,NULL,NULL,NULL),(7,NULL,NULL,NULL,NULL,NULL,NULL),(8,NULL,NULL,NULL,NULL,NULL,NULL),(9,NULL,NULL,NULL,NULL,NULL,NULL),(10,NULL,NULL,NULL,NULL,NULL,NULL),(11,NULL,NULL,NULL,NULL,NULL,NULL),(12,NULL,NULL,NULL,NULL,NULL,NULL),(13,NULL,NULL,NULL,NULL,NULL,NULL),(14,NULL,NULL,NULL,NULL,NULL,NULL),(15,NULL,NULL,NULL,NULL,NULL,NULL),(16,NULL,NULL,NULL,NULL,NULL,NULL),(17,NULL,NULL,NULL,NULL,NULL,NULL),(18,NULL,NULL,NULL,NULL,NULL,NULL),(19,NULL,NULL,NULL,NULL,NULL,NULL),(20,NULL,NULL,NULL,NULL,NULL,NULL),(21,NULL,NULL,NULL,NULL,NULL,NULL),(22,NULL,NULL,NULL,NULL,NULL,NULL),(23,NULL,NULL,NULL,NULL,NULL,NULL),(24,NULL,2.5,NULL,NULL,NULL,NULL),(25,'2022-05-24 20:40:50',249,250,1,'Cash',NULL),(26,'2022-05-24 20:56:07',249,250,1,NULL,NULL),(27,'2022-05-24 21:09:10',2.5,NULL,NULL,NULL,NULL),(28,'2022-05-24 21:10:07',2.5,NULL,NULL,NULL,NULL),(29,'2022-05-24 21:28:01',2.5,NULL,NULL,NULL,NULL),(30,'2022-05-24 21:34:29',2.5,NULL,NULL,NULL,NULL),(31,'2022-05-24 21:42:11',2.5,NULL,NULL,NULL,NULL),(32,'2022-05-24 21:43:37',2.5,NULL,NULL,NULL,NULL),(33,'2022-05-24 21:46:33',2.5,NULL,NULL,NULL,NULL),(34,'2022-05-24 21:47:54',2.5,NULL,NULL,NULL,NULL),(35,'2022-05-24 21:53:31',2.5,NULL,NULL,NULL,NULL),(36,'2022-05-24 22:03:26',2.5,NULL,NULL,NULL,NULL),(37,'2022-05-24 22:06:31',2.5,NULL,NULL,NULL,NULL),(38,'2022-05-24 22:07:12',2.5,NULL,NULL,NULL,NULL),(39,'2022-05-24 22:07:44',2.5,NULL,NULL,NULL,NULL),(40,'2022-05-24 22:08:34',2.5,NULL,NULL,NULL,NULL),(41,'2022-05-24 22:12:01',2.5,NULL,NULL,NULL,NULL),(42,'2022-05-24 22:12:50',2.5,NULL,NULL,NULL,NULL),(43,'2022-05-24 22:15:30',2.5,NULL,NULL,NULL,NULL),(44,'2022-05-24 23:34:46',2.5,NULL,NULL,NULL,NULL),(45,'2022-05-24 23:37:40',2627,2627,0,'Cash',NULL),(46,'2022-05-24 23:40:49',874,0,-874,'Cash',NULL),(47,'2022-05-24 23:44:46',2.5,NULL,NULL,NULL,NULL),(48,'2022-05-24 23:46:35',2.5,NULL,NULL,NULL,NULL),(49,'2022-05-24 23:47:45',2.5,NULL,NULL,NULL,NULL),(50,'2022-05-24 23:51:24',2.5,NULL,NULL,NULL,NULL),(51,'2022-05-24 23:52:14',2.5,NULL,NULL,NULL,NULL),(52,'2022-05-24 23:52:39',2.5,NULL,NULL,NULL,NULL),(53,'2022-05-24 23:53:39',2.5,NULL,NULL,NULL,NULL),(54,'2022-05-24 23:54:17',2.5,NULL,NULL,NULL,NULL),(55,'2022-05-24 23:55:04',2.5,NULL,NULL,NULL,NULL),(56,'2022-05-24 23:55:52',973,1000,27,'null',NULL),(57,'2022-05-25 00:03:39',2.5,NULL,NULL,NULL,NULL),(58,'2022-05-25 00:15:41',105,110,5,'null',NULL),(59,'2022-05-25 00:18:57',874,900,26,'cash',NULL),(60,'2022-05-25 00:26:40',880,900,20,'cash',NULL),(61,'2022-05-25 00:28:58',NULL,NULL,NULL,NULL,NULL),(62,'2022-05-25 00:32:50',NULL,NULL,NULL,NULL,NULL),(63,'2022-05-25 00:33:41',NULL,NULL,NULL,NULL,NULL),(64,'2022-05-25 00:33:42',NULL,NULL,NULL,NULL,NULL),(65,'2022-05-25 00:33:47',NULL,NULL,NULL,NULL,NULL),(66,'2022-05-25 00:37:17',NULL,NULL,NULL,NULL,NULL),(67,'2022-05-25 00:38:29',NULL,NULL,NULL,NULL,NULL),(68,'2022-05-25 00:38:37',NULL,NULL,NULL,NULL,NULL),(69,'2022-05-25 00:39:55',879,880,1,'cash',NULL),(70,'2022-05-25 00:40:21',NULL,NULL,NULL,NULL,NULL),(71,'2022-05-25 00:40:45',NULL,NULL,NULL,NULL,NULL),(72,'2022-05-25 00:41:06',874,874,0,'card',NULL),(73,'2022-05-25 00:41:44',NULL,NULL,NULL,NULL,NULL),(74,'2022-05-25 00:41:50',878,1000,122,'cash',NULL),(75,'2022-05-25 19:31:36',NULL,NULL,NULL,NULL,NULL),(76,'2022-05-25 19:40:13',NULL,NULL,NULL,NULL,NULL),(77,'2022-05-25 19:49:18',NULL,NULL,NULL,NULL,NULL),(78,'2022-05-25 19:51:50',NULL,NULL,NULL,NULL,NULL),(79,'2022-05-25 20:06:53',NULL,NULL,NULL,NULL,NULL),(80,'2022-05-25 20:21:15',1073,1073,0,'card',NULL),(81,'2022-05-25 20:24:49',879,879,0,'card',NULL),(82,'2022-05-26 00:53:19',909,1000,91,'cash',NULL),(83,'2022-05-26 00:54:27',NULL,NULL,NULL,NULL,NULL),(84,'2022-05-26 01:04:49',995,1000,5,'cash',NULL),(85,'2022-05-26 01:05:17',NULL,NULL,NULL,NULL,NULL),(86,'2022-05-26 01:06:30',78,80,2,'cash',NULL),(87,'2022-05-26 01:07:08',NULL,NULL,NULL,NULL,NULL),(88,'2022-05-26 01:09:29',NULL,NULL,NULL,NULL,NULL),(89,'2022-05-26 01:11:06',878,900,22,'cash',NULL),(90,'2022-05-26 01:11:33',NULL,NULL,NULL,NULL,NULL),(91,'2022-05-26 01:17:14',NULL,NULL,NULL,NULL,NULL),(92,'2022-05-27 01:17:31',112,150,38,'cash',NULL),(93,'2022-05-27 01:18:16',NULL,NULL,NULL,NULL,NULL),(94,'2022-05-28 01:18:51',NULL,NULL,NULL,NULL,NULL),(95,'2022-05-28 01:19:53',26,30,4,'cash',NULL),(96,'2022-05-28 01:20:30',NULL,NULL,NULL,NULL,NULL),(97,'2022-05-28 01:21:41',84,100,16,'cash',NULL),(98,'2022-05-28 01:26:33',889,889,0,'card',NULL),(99,'2022-05-28 01:27:06',NULL,NULL,NULL,NULL,NULL),(100,'2022-05-28 01:28:02',15,100,85,'cash',NULL),(101,'2022-05-28 01:31:16',267,300,33,'cash',NULL),(102,'2022-05-28 01:33:00',887,887,0,'card',NULL),(103,'2022-05-30 21:16:00',878,878,0,'card',NULL),(104,'2022-05-30 21:16:00',NULL,NULL,NULL,NULL,NULL),(105,'2022-05-30 21:17:00',103,110,7,'cash',NULL),(106,'2022-05-30 21:41:00',128,150,22,'cash',NULL),(107,'2022-06-01 00:29:00',NULL,NULL,NULL,NULL,NULL),(108,'2022-06-01 00:31:00',NULL,NULL,NULL,NULL,NULL),(109,'2022-06-01 00:44:00',NULL,NULL,NULL,NULL,NULL),(110,'2022-06-01 00:45:00',NULL,NULL,NULL,NULL,NULL),(111,'2022-06-01 00:47:00',NULL,NULL,NULL,NULL,NULL),(112,'2022-06-01 00:51:00',NULL,NULL,NULL,NULL,NULL),(113,'2022-06-01 00:53:00',NULL,NULL,NULL,NULL,NULL),(114,'2022-06-01 00:56:00',NULL,NULL,NULL,NULL,NULL),(115,'2022-06-01 00:56:00',NULL,NULL,NULL,NULL,NULL),(116,'2022-06-01 00:57:00',NULL,NULL,NULL,NULL,NULL),(117,'2022-06-01 00:59:00',NULL,NULL,NULL,NULL,NULL),(118,'2022-06-01 01:02:00',NULL,NULL,NULL,NULL,NULL),(119,'2022-06-01 01:03:00',NULL,NULL,NULL,NULL,NULL),(120,'2022-06-01 01:05:00',NULL,NULL,NULL,NULL,NULL),(121,'2022-06-01 01:06:00',231,250,19,'cash',NULL),(122,'2022-06-01 01:16:00',NULL,NULL,NULL,NULL,NULL),(123,'2022-06-01 01:19:00',NULL,NULL,NULL,NULL,NULL),(124,'2022-06-01 01:19:00',NULL,NULL,NULL,NULL,NULL),(125,'2022-06-01 01:20:00',NULL,NULL,NULL,NULL,NULL),(126,'2022-06-01 01:21:00',NULL,NULL,NULL,NULL,NULL),(127,'2022-06-01 01:22:00',NULL,NULL,NULL,NULL,NULL),(128,'2022-06-01 01:24:00',22,50,28,'cash',NULL),(129,'2022-06-01 13:46:00',NULL,NULL,NULL,NULL,NULL),(130,'2022-06-01 14:44:00',NULL,NULL,NULL,NULL,NULL),(131,'2022-06-01 18:24:00',19,100,81,'cash',NULL),(132,'2022-06-01 19:02:00',NULL,NULL,NULL,NULL,NULL),(133,'2022-06-01 19:02:00',NULL,NULL,NULL,NULL,NULL),(134,'2022-06-01 19:05:00',NULL,NULL,NULL,NULL,NULL),(135,'2022-06-01 19:09:00',NULL,NULL,NULL,NULL,NULL),(136,'2022-06-01 19:10:00',42,50,8,'cash',NULL),(137,'2022-06-01 19:13:00',885,885,0,'card',NULL),(138,'2022-06-01 19:14:00',10,10,0,'card',NULL),(139,'2022-06-01 19:19:00',NULL,NULL,NULL,NULL,NULL),(140,'2022-06-01 19:28:00',5,10,5,'cash',NULL),(141,'2022-06-01 19:29:00',5,5,0,'card',NULL),(142,'2022-06-01 19:30:00',5,5,0,'card',NULL),(143,'2022-06-01 19:31:00',10,10,0,'card',NULL),(144,'2022-06-03 00:30:00',NULL,NULL,NULL,NULL,NULL),(145,'2022-06-03 00:33:00',57,100,43,'cash',NULL),(146,'2022-06-03 00:35:00',NULL,NULL,NULL,NULL,NULL),(147,'2022-06-03 00:39:00',NULL,NULL,NULL,NULL,NULL),(148,'2022-06-03 00:40:00',NULL,NULL,NULL,NULL,NULL),(149,'2022-06-03 00:41:00',NULL,NULL,NULL,NULL,NULL),(150,'2022-06-03 00:41:00',NULL,NULL,NULL,NULL,NULL),(151,'2022-06-03 00:41:00',NULL,NULL,NULL,NULL,NULL),(152,'2022-06-03 00:42:00',NULL,NULL,NULL,NULL,NULL),(153,'2022-06-03 00:43:00',40,50,10,'cash',NULL),(154,'2022-06-04 16:33:00',NULL,NULL,NULL,NULL,NULL),(155,'2022-06-04 16:50:00',NULL,NULL,NULL,NULL,NULL),(156,'2022-06-04 17:04:00',NULL,NULL,NULL,NULL,NULL),(157,'2022-06-04 17:04:00',NULL,NULL,NULL,NULL,NULL),(158,'2022-06-04 17:09:00',NULL,NULL,NULL,NULL,NULL),(159,'2022-06-04 17:12:00',NULL,NULL,NULL,NULL,NULL),(160,'2022-06-04 17:13:00',NULL,NULL,NULL,NULL,NULL),(161,'2022-06-04 17:21:00',NULL,NULL,NULL,NULL,NULL),(162,'2022-06-04 17:22:00',92.89999999999999,100,7.1000000000000085,'cash',NULL),(163,'2022-06-04 17:29:00',NULL,NULL,NULL,NULL,NULL),(164,'2022-06-04 17:29:00',NULL,NULL,NULL,NULL,NULL),(165,'2022-06-04 17:35:00',NULL,NULL,NULL,NULL,NULL),(166,'2022-06-04 17:40:00',NULL,NULL,NULL,NULL,NULL),(167,'2022-06-04 17:47:00',NULL,NULL,NULL,NULL,NULL),(168,'2022-06-04 17:55:00',NULL,NULL,NULL,NULL,NULL),(169,'2022-06-04 17:55:00',NULL,NULL,NULL,NULL,NULL),(170,'2022-06-04 17:58:00',NULL,NULL,NULL,NULL,NULL),(171,'2022-06-04 18:00:00',NULL,NULL,NULL,NULL,NULL),(172,'2022-06-04 18:06:00',NULL,NULL,NULL,NULL,NULL),(173,'2022-06-04 18:26:00',NULL,NULL,NULL,NULL,NULL),(174,'2022-06-04 18:29:00',NULL,NULL,NULL,NULL,NULL),(175,'2022-06-04 18:29:00',NULL,NULL,NULL,NULL,NULL),(176,'2022-06-04 18:53:00',NULL,NULL,NULL,NULL,NULL),(177,'2022-06-04 18:54:00',56.6,60,3.3999999999999986,'cash',NULL),(178,'2022-06-04 19:02:00',NULL,NULL,NULL,NULL,NULL),(179,'2022-06-04 19:04:00',NULL,NULL,NULL,NULL,NULL),(180,'2022-06-04 19:05:00',NULL,NULL,NULL,NULL,NULL),(181,'2022-06-04 19:07:00',NULL,NULL,NULL,NULL,NULL),(182,'2022-06-04 19:07:00',NULL,NULL,NULL,NULL,NULL),(183,'2022-06-04 19:08:00',NULL,NULL,NULL,NULL,NULL),(184,'2022-06-04 19:09:00',56.6,90,33.4,'cash',NULL),(185,'2022-06-04 19:12:00',60.6,150,89.4,'cash',NULL),(186,'2022-06-04 19:15:00',66.6,200,133.4,'cash',NULL),(187,'2022-06-04 19:15:00',NULL,NULL,NULL,NULL,NULL),(188,'2022-06-04 19:16:00',900.3,900.3,0,'card',NULL),(189,'2022-06-04 19:24:00',NULL,NULL,NULL,NULL,NULL),(190,'2022-06-04 19:28:00',NULL,NULL,NULL,NULL,NULL),(191,'2022-06-04 19:30:00',NULL,NULL,NULL,NULL,NULL),(192,'2022-06-04 19:33:00',NULL,NULL,NULL,NULL,NULL),(193,'2022-06-04 19:33:00',NULL,NULL,NULL,NULL,NULL),(194,'2022-06-04 19:34:00',NULL,NULL,NULL,NULL,NULL),(195,'2022-06-04 19:34:00',NULL,NULL,NULL,NULL,NULL),(196,'2022-06-04 19:34:00',NULL,NULL,NULL,NULL,NULL),(197,'2022-06-04 19:35:00',NULL,NULL,NULL,NULL,NULL),(198,'2022-06-04 19:35:00',NULL,NULL,NULL,NULL,NULL),(199,'2022-06-04 19:38:00',NULL,NULL,NULL,NULL,NULL),(200,'2022-06-04 19:38:00',NULL,NULL,NULL,NULL,NULL),(201,'2022-06-04 19:38:00',NULL,NULL,NULL,NULL,NULL),(202,'2022-06-04 19:42:00',NULL,NULL,NULL,NULL,NULL),(203,'2022-06-04 19:49:00',NULL,NULL,NULL,NULL,NULL),(204,'2022-06-04 19:51:00',NULL,NULL,NULL,NULL,NULL),(205,'2022-06-04 19:54:00',NULL,NULL,NULL,NULL,NULL),(206,'2022-06-04 19:56:00',NULL,NULL,NULL,NULL,NULL),(207,'2022-06-04 20:01:00',NULL,NULL,NULL,NULL,NULL),(208,'2022-06-04 20:02:00',NULL,NULL,NULL,NULL,NULL),(209,'2022-06-04 20:04:00',NULL,NULL,NULL,NULL,NULL),(210,'2022-06-04 20:09:00',NULL,NULL,NULL,NULL,NULL),(211,'2022-06-04 20:09:00',NULL,NULL,NULL,NULL,NULL),(212,'2022-06-04 20:09:00',NULL,NULL,NULL,NULL,NULL),(213,'2022-06-04 20:10:00',NULL,NULL,NULL,NULL,NULL),(214,'2022-06-04 20:14:00',NULL,NULL,NULL,NULL,NULL),(215,'2022-06-04 20:19:00',NULL,NULL,NULL,NULL,NULL),(216,'2022-06-04 20:20:00',NULL,NULL,NULL,NULL,NULL),(217,'2022-06-04 20:22:00',NULL,NULL,NULL,NULL,NULL),(218,'2022-06-04 20:22:00',NULL,NULL,NULL,NULL,NULL),(219,'2022-06-04 20:23:00',NULL,NULL,NULL,NULL,NULL),(220,'2022-06-04 20:25:00',NULL,NULL,NULL,NULL,NULL),(221,'2022-06-04 20:26:00',NULL,NULL,NULL,NULL,NULL),(222,'2022-06-04 20:27:00',NULL,NULL,NULL,NULL,NULL),(223,'2022-06-04 20:28:00',NULL,NULL,NULL,NULL,NULL),(224,'2022-06-04 20:29:00',NULL,NULL,NULL,NULL,NULL),(225,'2022-06-04 20:29:00',NULL,NULL,NULL,NULL,NULL),(226,'2022-06-04 20:35:00',NULL,NULL,NULL,NULL,NULL),(227,'2022-06-04 20:35:00',NULL,NULL,NULL,NULL,NULL),(228,'2022-06-04 20:44:00',NULL,NULL,NULL,NULL,NULL),(229,'2022-06-04 20:45:00',NULL,NULL,NULL,NULL,NULL),(230,'2022-06-04 20:46:00',NULL,NULL,NULL,NULL,NULL),(231,'2022-06-04 20:57:00',NULL,NULL,NULL,NULL,NULL),(232,'2022-06-04 20:58:00',NULL,NULL,NULL,NULL,NULL),(233,'2022-06-04 20:59:00',NULL,NULL,NULL,NULL,NULL),(234,'2022-06-04 21:01:00',NULL,NULL,NULL,NULL,NULL),(235,'2022-06-04 21:01:00',NULL,NULL,NULL,NULL,NULL),(236,'2022-06-04 21:03:00',NULL,NULL,NULL,NULL,NULL),(237,'2022-06-04 21:08:00',NULL,NULL,NULL,NULL,NULL),(238,'2022-06-04 21:09:00',NULL,NULL,NULL,NULL,NULL),(239,'2022-06-04 21:12:00',NULL,NULL,NULL,NULL,NULL),(240,'2022-06-04 21:13:00',NULL,NULL,NULL,NULL,NULL),(241,'2022-06-04 21:14:00',NULL,NULL,NULL,NULL,NULL),(242,'2022-06-04 21:14:00',NULL,NULL,NULL,NULL,NULL),(243,'2022-06-04 21:15:00',NULL,NULL,NULL,NULL,NULL),(244,'2022-06-04 21:16:00',NULL,NULL,NULL,NULL,NULL),(245,'2022-06-04 21:17:00',NULL,NULL,NULL,NULL,NULL),(246,'2022-06-04 21:17:00',NULL,NULL,NULL,NULL,NULL),(247,'2022-06-04 21:38:00',NULL,NULL,NULL,NULL,NULL),(248,'2022-06-04 21:56:00',NULL,NULL,NULL,NULL,NULL),(249,'2022-06-04 22:04:00',NULL,NULL,NULL,NULL,NULL),(250,'2022-06-04 22:05:00',NULL,NULL,NULL,NULL,NULL),(251,'2022-06-04 22:06:00',NULL,NULL,NULL,NULL,NULL),(252,'2022-06-04 22:07:00',NULL,NULL,NULL,NULL,NULL),(253,'2022-06-04 22:08:00',NULL,NULL,NULL,NULL,NULL),(254,'2022-06-04 22:09:00',NULL,NULL,NULL,NULL,NULL),(255,'2022-06-04 22:10:00',NULL,NULL,NULL,NULL,NULL),(256,'2022-06-04 22:11:00',NULL,NULL,NULL,NULL,NULL),(257,'2022-06-04 22:12:00',NULL,NULL,NULL,NULL,NULL),(258,'2022-06-04 22:13:00',NULL,NULL,NULL,NULL,NULL),(259,'2022-06-04 22:14:00',NULL,NULL,NULL,NULL,NULL),(260,'2022-06-04 22:14:00',NULL,NULL,NULL,NULL,NULL),(261,'2022-06-04 22:15:00',NULL,NULL,NULL,NULL,NULL),(262,'2022-06-04 22:16:00',NULL,NULL,NULL,NULL,NULL),(263,'2022-06-04 22:20:00',NULL,NULL,NULL,NULL,NULL),(264,'2022-06-04 22:21:00',NULL,NULL,NULL,NULL,NULL),(265,'2022-06-04 22:23:00',NULL,NULL,NULL,NULL,NULL),(266,'2022-06-04 22:24:00',NULL,NULL,NULL,NULL,NULL),(267,'2022-06-04 22:24:00',NULL,NULL,NULL,NULL,NULL),(268,'2022-06-04 22:25:00',NULL,NULL,NULL,NULL,NULL),(269,'2022-06-04 22:26:00',NULL,NULL,NULL,NULL,NULL),(270,'2022-06-04 22:27:00',139.5,150,10.5,'cash',24.39),(271,'2022-06-05 12:10:00',NULL,NULL,NULL,NULL,NULL),(272,'2022-06-05 17:25:00',NULL,NULL,NULL,NULL,NULL),(273,'2022-06-05 21:32:00',82.9,90,7.1,'cash',14.921999999999999),(274,'2022-06-05 22:26:00',82.9,100,17.1,'cash',14.92),(275,'2022-06-05 22:38:00',NULL,NULL,NULL,NULL,NULL),(276,'2022-06-05 22:39:00',NULL,NULL,NULL,NULL,NULL),(277,'2022-06-05 22:40:00',NULL,NULL,NULL,NULL,NULL),(278,'2022-06-05 22:40:00',NULL,NULL,NULL,NULL,NULL),(279,'2022-06-05 22:41:00',NULL,NULL,NULL,NULL,NULL),(280,'2022-06-05 22:43:00',NULL,NULL,NULL,NULL,NULL),(281,'2022-06-05 22:48:00',NULL,NULL,NULL,NULL,NULL),(282,'2022-06-05 22:58:00',NULL,NULL,NULL,NULL,NULL),(283,'2022-06-05 22:59:00',NULL,NULL,NULL,NULL,NULL),(284,'2022-06-05 23:02:00',NULL,NULL,NULL,NULL,NULL),(285,'2022-06-05 23:03:00',NULL,NULL,NULL,NULL,NULL),(286,'2022-06-05 23:04:00',NULL,NULL,NULL,NULL,NULL),(287,'2022-06-05 23:05:00',NULL,NULL,NULL,NULL,NULL),(288,'2022-06-05 23:18:00',NULL,NULL,NULL,NULL,NULL),(289,'2022-06-05 23:19:00',NULL,NULL,NULL,NULL,NULL),(290,'2022-06-05 23:20:00',NULL,NULL,NULL,NULL,NULL),(291,'2022-06-05 23:26:00',NULL,NULL,NULL,NULL,NULL),(292,'2022-06-05 23:32:00',NULL,NULL,NULL,NULL,NULL),(293,'2022-06-05 23:34:00',NULL,NULL,NULL,NULL,NULL),(294,'2022-06-05 23:36:00',NULL,NULL,NULL,NULL,NULL),(295,'2022-06-05 23:39:00',NULL,NULL,NULL,NULL,NULL),(296,'2022-06-05 23:39:00',107.5,220,112.5,'cash',107.5),(297,'2022-06-05 23:43:00',215,107.5,0,'card',107.5),(298,'2022-06-05 23:44:00',NULL,NULL,NULL,NULL,NULL),(299,'2022-06-05 23:45:00',215,215,0,'card',107.5),(300,'2022-06-05 23:46:00',215,220,5,'cash',107.5),(301,'2022-06-06 00:02:00',42.23,42.23,0,'card',5.53),(302,'2022-06-06 00:07:00',NULL,NULL,NULL,NULL,NULL),(303,'2022-06-06 00:08:00',NULL,NULL,NULL,NULL,NULL),(304,'2022-06-06 00:21:00',NULL,NULL,NULL,NULL,NULL),(305,'2022-06-06 00:30:00',NULL,NULL,NULL,NULL,NULL),(306,'2022-06-06 00:31:00',NULL,NULL,NULL,NULL,NULL),(307,'2022-06-06 00:32:00',NULL,NULL,NULL,NULL,NULL),(308,'2022-06-06 00:32:00',NULL,NULL,NULL,NULL,NULL),(309,'2022-06-06 03:13:00',186.44,200,13.56,'cash',28.44),(310,'2022-06-07 01:19:00',NULL,NULL,NULL,NULL,NULL),(311,'2022-06-07 01:20:00',NULL,NULL,NULL,NULL,NULL),(312,'2022-06-07 01:22:00',462.45,462.45,0,'card',204.55),(313,'2022-06-07 01:27:00',NULL,NULL,NULL,NULL,NULL),(314,'2022-06-07 01:29:00',NULL,NULL,NULL,NULL,NULL),(315,'2022-06-07 01:30:00',NULL,NULL,NULL,NULL,NULL),(316,'2022-06-07 01:36:00',NULL,NULL,NULL,NULL,NULL),(317,'2022-06-07 01:38:00',NULL,NULL,NULL,NULL,NULL),(318,'2022-06-07 01:42:00',NULL,NULL,NULL,NULL,NULL),(319,'2022-06-08 09:30:00',113,150,37,'cash',16.9),(320,'2022-06-08 13:17:00',130.33,150,19.67,'cash',19.73),(321,'2022-06-09 16:39:00',NULL,NULL,NULL,NULL,NULL),(322,'2022-06-13 09:04:00',NULL,NULL,NULL,NULL,NULL),(323,'2022-06-13 09:04:00',1,1,0,'card',0);
/*!40000 ALTER TABLE `receipt_table` ENABLE KEYS */;
UNLOCK TABLES;

--
-- Table structure for table `sells_table`
--

DROP TABLE IF EXISTS `sells_table`;
/*!40101 SET @saved_cs_client     = @@character_set_client */;
/*!50503 SET character_set_client = utf8mb4 */;
CREATE TABLE `sells_table` (
  `ID` int NOT NULL AUTO_INCREMENT,
  `Item_id` bigint NOT NULL,
  `Name` varchar(45) NOT NULL,
  `Quantity` int NOT NULL,
  `Price` double NOT NULL,
  `Tax` double NOT NULL,
  `Recipt_id` int NOT NULL,
  PRIMARY KEY (`ID`),
  KEY `recipt_id_idx` (`Recipt_id`),
  CONSTRAINT `recipt_id` FOREIGN KEY (`Recipt_id`) REFERENCES `receipt_table` (`ID`)
) ENGINE=InnoDB AUTO_INCREMENT=906 DEFAULT CHARSET=utf8mb4 COLLATE=utf8mb4_0900_ai_ci;
/*!40101 SET character_set_client = @saved_cs_client */;

--
-- Dumping data for table `sells_table`
--

LOCK TABLES `sells_table` WRITE;
/*!40000 ALTER TABLE `sells_table` DISABLE KEYS */;
INSERT INTO `sells_table` VALUES (2,1,'1',1,1,0,1),(3,1,'1',1,1,0,1),(4,1,'1',1,1,0,1),(7,1,'1',1,1,0,5),(8,99,'1',1,1,0,5),(10,4,'1',1,1,0,5),(11,123,'1',1,1,0,6),(12,1,'1',1,1,0,6),(14,1,'1',88,1,0,7),(15,1,'1',1,0,0,8),(16,5,'1',1,0,0,8),(17,7,'1',1,0,0,8),(19,7,'1',1,0,0,9),(20,1,'1',1,0,0,9),(21,1,'1',1,0,0,10),(22,7,'1',1,0,0,10),(23,99,'1',1,0,0,10),(25,99,'1',1,0,0,11),(27,1,'1',1,0,0,11),(28,7,'1',1,0,0,11),(29,7,'1',4,0,0,11),(31,1,'1',1,0,0,12),(32,7,'1',5,0,0,12),(33,7,'1',1,0,0,13),(34,7,'1',1,0,0,14),(35,7,'1',1,0,0,15),(36,1,'1',1,0,0,15),(37,1,'1',1,1,0,16),(38,7,'1',1,874,0,16),(39,1,'1',5,5,0,16),(40,7,'1',2,1748,0,17),(41,1,'1',10,10,0,18),(42,99,'99',3,297,0,18),(43,7,'7',5,4370,0,18),(44,1,'1',1,1,0,19),(45,7,'7',1,874,0,20),(46,1,'1',1,1,0,20),(47,7,'7',1,874,0,21),(48,1,'1',1,1,0,21),(49,7,'7',1,874,0,22),(50,1,'1',5,5,0,22),(51,7,'7',7,6118,0,22),(53,99,'99',6,594,0,23),(54,7,'7',1,874,0,23),(55,3,'3',1,3,0,23),(56,2,'2',1,2,0,23),(62,7,'7',1,874,0,24),(63,7,'7',8,6992,0,25),(64,1,'1',1,1,0,25),(65,4,'4',1,4,0,25),(66,4,'4',1,4,0,26),(67,1,'1',1,1,0,26),(68,7,'7',1,874,0,26),(69,4,'4',2,8,0,26),(70,1,'1',1,1,0,26),(71,1,'1',1,1,0,26),(72,2,'2',1,2,0,26),(73,7,'7',1,874,0,27),(74,7,'7',1,874,0,28),(75,1,'1',3,3,0,28),(76,2,'2',1,2,0,28),(77,4,'4',1,4,0,28),(78,7,'7',1,874,0,29),(79,5,'5',5,25,0,29),(80,99,'99',1,99,0,29),(81,7,'7',7,6118,0,30),(82,99,'99',1,99,0,30),(83,4,'4',1,4,0,30),(84,1,'1',1,1,0,31),(85,4,'4',1,4,0,31),(86,1,'1',1,1,0,32),(87,5,'5',1,5,0,32),(88,4,'4',1,4,0,32),(89,4,'4',1,4,0,33),(90,5,'5',1,5,0,33),(91,1,'1',1,1,0,33),(92,4,'asdasd',1,4,0,33),(93,4,'asdasd',1,4,0,34),(94,5,'5',1,5,0,34),(95,1,'1',11,11,0,34),(96,1,'1',1,1,0,35),(97,6,'6',1,6,0,35),(98,7,'7',1,874,0,35),(99,4,'asdasd',1,4,0,35),(100,5,'5',1,5,0,36),(101,4,'asdasd',1,4,0,36),(102,1,'1',3,3,0,36),(103,4,'asdasd',2,8,0,36),(104,4,'asdasd',1,4,0,37),(105,1,'1',1,1,0,37),(106,4,'asdasd',1,4,0,38),(107,1,'1',1,1,0,38),(108,5,'5',1,5,0,38),(109,4,'asdasd',1,4,0,39),(110,1,'1',1,1,0,39),(111,99,'99',1,99,0,39),(112,4,'asdasd',1,4,0,40),(113,4,'asdasd',1,4,0,40),(114,4,'asdasd',1,4,0,41),(115,4,'asdasd',4,16,0,41),(116,7,'7',1,874,0,41),(117,7,'7',1,874,0,42),(118,4,'asdasd',1,4,0,42),(119,99,'99',1,99,0,42),(120,4,'asdasd',1,4,0,43),(121,1,'1',1,1,0,43),(122,7,'7',1,874,0,43),(123,99,'99',1,99,0,43),(124,7,'7',1,874,0,44),(125,2,'2',1,2,0,44),(126,1,'1',2,2,0,44),(127,2,'2',1,2,0,44),(128,7,'7',3,2622,0,45),(129,5,'5',1,5,0,45),(130,7,'7',1,874,0,46),(131,4,'asdasd',1,4,0,47),(132,5,'5',1,5,0,47),(133,7,'7',1,874,0,48),(134,7,'7',1,874,0,49),(135,7,'7',1,874,0,50),(136,5,'5',1,5,0,51),(137,4,'asdasd',1,4,0,51),(138,4,'asdasd',1,4,0,52),(139,5,'5',1,5,0,52),(140,5,'5',1,5,0,53),(141,4,'asdasd',1,4,0,53),(142,4,'asdasd',1,4,0,54),(143,5,'5',1,5,0,54),(144,4,'asdasd',1,4,0,55),(145,99,'99',1,99,0,55),(146,7,'7',1,874,0,56),(147,99,'99',1,99,0,56),(148,7,'7',1,874,0,57),(153,1,'1',1,1,0,58),(154,99,'99',1,99,0,58),(155,5,'5',1,5,0,58),(156,7,'7',1,874,0,59),(157,7,'7',1,874,0,60),(158,1,'1',1,1,0,60),(159,5,'5',1,5,0,60),(160,7,'7',1,874,0,61),(161,7,'7',1,874,0,65),(162,7,'7',1,874,0,66),(163,7,'7',1,874,0,67),(164,7,'7',1,874,0,69),(165,5,'5',1,5,0,69),(166,7,'7',1,874,0,70),(167,4,'asdasd',1,4,0,70),(168,7,'7',1,874,0,72),(169,4,'asdasd',1,4,0,73),(170,4,'asdasd',1,4,0,74),(171,7,'7',1,874,0,74),(172,7,'7',1,874,0,75),(173,4,'asdasd',1,4,0,75),(174,7,'7',1,874,0,76),(175,4,'asdasd',1,4,0,76),(176,6,'6',2,30,0,76),(177,7,'7',1,874,0,77),(178,4,'asdasd',2,4,0,77),(179,6,'6',3,18,0,77),(180,7,'7',1,874,0,78),(181,4,'asdasd',5,20,0,78),(182,6,'6',2,6,0,78),(183,99,'99',2,99,0,78),(184,99,'99',1,99,0,79),(185,7,'7',1,874,0,79),(186,4,'asdasd',2,99,0,79),(187,1,'1',1,1,0,79),(188,4,'asdasd',2,99,0,79),(189,7,'7',1,874,0,80),(190,4,'asdasd',1,4,0,80),(191,99,'99',1,99,0,80),(192,6,'6',16,96,0,80),(196,7,'7',1,874,0,82),(197,6,'6',1,6,0,82),(198,4,'asdasd',1,4,0,82),(199,1,'1',1,1,0,82),(200,1,'1',1,1,0,82),(201,1,'1',1,1,0,82),(202,1,'1',1,1,0,82),(203,1,'1',1,1,0,82),(204,1,'1',1,1,0,82),(205,1,'1',1,1,0,82),(206,1,'1',1,1,0,82),(207,1,'1',1,1,0,82),(208,1,'1',1,1,0,82),(209,1,'1',1,1,0,82),(210,1,'1',1,1,0,82),(211,1,'1',1,1,0,82),(212,1,'1',1,1,0,82),(213,1,'1',1,1,0,82),(214,1,'1',1,1,0,82),(215,1,'1',1,1,0,82),(216,1,'1',1,1,0,82),(217,1,'1',1,1,0,82),(218,1,'1',1,1,0,82),(219,1,'1',1,1,0,82),(220,1,'1',1,1,0,82),(221,1,'1',1,1,0,82),(222,1,'1',1,1,0,82),(223,1,'1',1,1,0,82),(224,7,'7',1,874,0,84),(225,4,'asdasd',1,4,0,84),(226,99,'99',1,99,0,84),(227,2,'2',9,18,0,84),(228,6,'6',7,42,0,86),(229,4,'asdasd',9,36,0,86),(230,7,'7',1,874,0,88),(231,4,'asdasd',1,4,0,88),(232,7,'7',1,874,0,89),(233,4,'asdasd',1,4,0,89),(234,5,'5',1,5,0,91),(235,4,'asdasd',1,4,0,92),(236,6,'6',9,54,0,92),(237,3,'3',18,54,0,92),(238,4,'asdasd',1,4,0,94),(239,6,'6',1,6,0,94),(240,1,'1',5,5,0,94),(241,6,'6',1,6,0,95),(243,4,'asdasd',5,20,0,95),(244,4,'asdasd',1,4,0,97),(245,5,'5',1,5,0,97),(246,6,'6',7,42,0,97),(248,33,'33',1,33,0,97),(249,7,'7',1,874,0,97),(250,7,'7',1,874,0,98),(251,5,'5',1,5,0,98),(252,6,'6',1,6,0,98),(253,4,'asdasd',1,4,0,98),(255,5,'5',1,5,0,99),(256,6,'6',1,6,0,99),(257,33,'33',1,33,0,99),(258,99,'99',1,99,0,99),(261,6,'6',1,6,0,100),(262,4,'asdasd',1,4,0,100),(263,5,'5',1,5,0,100),(265,1,'1',1,1,0,101),(266,5,'5',1,5,0,101),(267,6,'6',1,6,0,101),(268,99,'99',1,99,0,101),(269,33,'33',1,33,0,101),(270,123,'123',1,123,0,101),(271,7,'7',1,874,0,102),(272,4,'asdasd',1,4,0,102),(273,3,'3',1,3,0,102),(274,6,'6',1,6,0,102),(275,7,'7',1,874,0,103),(276,4,'asdasd',1,4,0,103),(277,99,'99',1,99,0,105),(278,4,'asdasd',1,4,0,105),(280,5,'5',1,5,0,106),(281,6,'6',1,6,0,106),(283,99,'99',1,99,0,106),(285,6,'6',1,6,0,106),(286,4,'asdasd',3,12,0,106),(288,4,'asdasd',1,4,0,107),(289,1,'1',1,1,0,107),(290,5,'5',1,5,0,107),(291,7,'7',1,874,0,107),(292,4,'asdasd',1,4,0,108),(293,1,'1',1,1,0,108),(294,7,'7',1,0,0,108),(295,4,'asdasd',1,4,0,109),(296,1,'1',10,10,0,109),(297,5,'5',1,5,0,109),(298,4,'asdasd',8,32,0,110),(299,1,'1',4,4,0,110),(300,99,'99',1,99,0,110),(301,4,'asdasd',1,4,0,111),(302,5,'5',1,5,0,111),(304,5,'5',4,20,0,111),(305,4,'asdasd',1,4,0,112),(306,5,'5',1,5,0,112),(308,99,'99',1,99,0,112),(309,3,'3',22,66,0,112),(310,6,'6',4,24,0,113),(311,4,'asdasd',1,4,0,113),(312,5,'5',1,5,0,113),(314,1,'1',1,1,0,114),(315,5,'5',1,5,0,114),(316,6,'6',1,6,0,114),(317,5,'5',1,5,0,115),(318,4,'asdasd',1,4,0,115),(319,7,'7',1,874,0,115),(320,4,'asdasd',1,4,0,115),(321,4,'asdasd',1,4,0,116),(322,7,'7',1,874,0,116),(323,5,'5',1,5,0,116),(324,4,'asdasd',1,4,0,117),(325,5,'5',14,70,0,117),(326,5,'5',1,5,0,118),(327,4,'asdasd',1,4,0,118),(328,3,'3',1,3,0,118),(329,5,'5',1,5,0,119),(330,4,'asdasd',4,16,0,119),(331,99,'99',1,99,0,119),(332,2,'2',1,2,0,119),(333,4,'asdasd',5,20,0,120),(334,1,'1',1,1,0,120),(335,4,'asdasd',7,28,0,121),(336,3,'3',1,3,0,121),(337,2,'2',1,2,0,121),(338,99,'99',2,198,0,121),(339,4,'asdasd',3,12,0,122),(340,4,'asdasd',0,0,0,123),(341,7,'7',0,0,0,124),(342,7,'7',1,874,0,125),(343,7,'7',1,874,0,126),(344,4,'asdasd',1,4,0,126),(345,6,'6',1,6,0,126),(346,4,'asdasd',1,4,0,127),(347,1,'1',7,7,0,127),(348,2,'2',4,8,0,127),(349,4,'asdasd',1,4,0,128),(351,1,'1',1,1,0,128),(352,2,'2',7,14,0,128),(353,3,'3',1,3,0,128),(354,4,'asdasd',1,4,0,131),(356,3,'3',5,15,0,131),(357,4,'asdasd',1,4,0,133),(358,2,'2',1,2,0,134),(359,3,'3',1,3,0,134),(362,1,'1',5,5,0,134),(363,4,'asdasd',9,36,0,136),(364,1,'1',1,1,0,136),(365,5,'5',1,5,0,136),(366,1,'1',5,5,0,137),(367,6,'6',1,6,0,137),(368,7,'7',1,874,0,137),(369,1,'1',1,1,0,138),(370,4,'asdasd',1,4,0,138),(371,5,'5',1,5,0,138),(373,4,'asdasd',1,4,0,140),(374,1,'1',1,1,0,140),(375,4,'asdasd',1,4,0,141),(376,1,'1',1,1,0,141),(377,4,'asdasd',1,4,0,142),(378,1,'1',1,1,0,142),(379,4,'asdasd',1,4,0,143),(380,5,'5',1,5,0,143),(381,1,'1',1,1,0,143),(382,4,'asdasd',1,4,0,144),(383,1,'1',1,1,0,144),(384,2,'2',7,14,0,144),(387,99,'99',1,99,0,144),(388,4,'asdasd',1,4,0,145),(390,5,'5',1,5,0,145),(392,6,'6',8,48,0,145),(393,1,'1',1,1,0,146),(394,7,'7',1,874,0,146),(395,1,'1',1,1,0,147),(396,4,'asdasd',1,4,0,147),(397,7,'7',1,874,0,148),(398,4,'asdasd',1,4,0,148),(399,1,'1',1,1,0,148),(400,5,'5',1,5,0,148),(401,6,'6',1,6,0,148),(402,1,'1',1,1,0,149),(403,1,'1',1,1,0,150),(404,4,'asdasd',1,4,0,150),(405,1,'1',1,1,0,151),(406,4,'asdasd',1,4,0,151),(407,7,'7',1,874,0,151),(408,5,'5',1,5,0,151),(410,4,'asdasd',1,4,0,151),(411,1,'1',1,1,0,152),(412,4,'asdasd',1,4,0,152),(413,7,'7',1,874,0,152),(414,1,'1',1,1,0,153),(415,4,'asdasd',7,28,0,153),(416,5,'5',1,5,0,153),(418,6,'6',1,6,0,153),(419,7,'7',1,874,0,155),(420,1,'1',1,1,0,156),(421,4,'asdasd',1,4,0,156),(422,7,'7',1,874,0,156),(423,33,'33',1,30.3,0,157),(424,4,'asdasd',1,4,0,158),(425,3,'3',1,3,0,158),(426,33,'33',1,30.3,0,158),(427,4,'asdasd',1,4,0,159),(428,1,'1',1,1,0,159),(429,33,'33',1,30.3,18,159),(430,4,'asdasd',1,4,0,160),(431,33,'33',1,30.3,18,160),(432,7,'7',1,874,0,160),(433,55,'55',1,26.3,18,160),(434,4,'asdasd',1,4,0,160),(435,4,'asdasd',1,4,0,160),(436,33,'33',1,30.3,18,160),(437,1,'1',1,1,0,161),(438,4,'asdasd',1,4,0,161),(440,33,'33',1,30.3,18,161),(441,5,'5',1,5,0,161),(442,6,'6',1,6,0,161),(443,4,'asdasd',1,4,0,162),(444,6,'6',1,6,0,162),(445,33,'33',1,30.3,18,162),(446,55,'55',1,26.3,18,162),(447,55,'55',1,26.3,18,162),(448,6,'6',1,6,0,163),(449,55,'55',1,26.3,18,163),(450,33,'33',1,30.3,18,163),(451,1,'1',1,1,0,163),(453,4,'asdasd',1,4,0,164),(454,1,'1',1,1,0,164),(455,4,'asdasd',1,4,0,164),(457,55,'55',1,26.3,18,165),(458,33,'33',1,30.3,18,165),(459,4,'asdasd',1,4,0,165),(460,1,'1',1,1,0,165),(461,33,'33',1,30.3,545.4,166),(462,55,'55',1,26.3,4.734,167),(463,33,'33',5,151.5,5.454,167),(464,4,'asdasd',1,4,0,168),(467,33,'33',1,30.3,179.982,169),(468,55,'55',1,26.3,52.074000000000005,170),(469,55,'55',1,26.3,4.734,171),(470,55,'55',1,26.3,18,173),(471,5,'5',1,5,0,174),(472,33,'33',1,30.3,18,175),(473,55,'55',1,26.3,18,175),(474,55,'55',1,26.3,18,176),(475,6,'6',1,6,0,176),(476,33,'33',4,121.2,18,176),(477,55,'55',1,26.3,18,177),(478,33,'33',1,30.3,18,177),(479,55,'55',1,26.3,18,178),(480,33,'33',1,30.3,18,178),(481,55,'55',4,105.2,18,179),(482,55,'55',2,52.6,18,180),(483,55,'55',2,52.6,18,181),(484,33,'33',1,30.3,18,181),(485,33,'33',1,30.3,18,182),(486,33,'33',1,30.3,18,183),(487,33,'33',1,30.3,18,184),(488,55,'55',1,26.3,18,184),(489,33,'33',1,30.3,18,185),(490,55,'55',1,26.3,18,185),(491,4,'asdasd',1,4,0,185),(492,4,'asdasd',1,4,0,186),(493,55,'55',1,26.3,18,186),(494,33,'33',1,30.3,18,186),(495,6,'6',1,6,0,186),(496,4,'asdasd',1,4,0,187),(497,55,'55',1,26.3,18,188),(498,7,'7',1,874,0,188),(499,4,'asdasd',1,4,0,189),(500,5,'5',1,5,0,189),(501,55,'55',7,184.1,18,189),(502,33,'33',1,30.3,18,189),(503,33,'33',1,30.3,18,189),(509,4,'asdasd',1,4,0,191),(510,5,'5',1,5,0,191),(511,55,'55',1,26.3,18,191),(512,33,'33',1,30.3,18,191),(518,33,'33',1,30.3,18,194),(519,33,'33',1,30.3,18,194),(520,33,'33',2,60.6,18,195),(521,33,'33',2,60.6,18,196),(522,33,'33',2,60.6,18,197),(523,33,'33',2,60.6,18,198),(524,33,'33',1,30.3,18,199),(525,33,'33',1,30.3,18,199),(526,33,'33',1,30.3,18,199),(527,33,'33',3,90.9,18,200),(528,33,'33',3,90.9,18,201),(529,4,'asdasd',1,4,0,202),(530,5,'5',1,5,0,202),(531,6,'6',1,6,0,202),(532,55,'55',1,26.3,18,202),(533,33,'33',1,30.3,18,202),(534,4,'asdasd',1,4,0,203),(535,55,'55',1,26.3,18,203),(536,33,'33',2,60.6,18,203),(540,4,'asdasd',1,4,0,205),(541,5,'5',1,5,0,205),(542,6,'6',1,6,0,205),(543,33,'33',1,30.3,18,205),(544,55,'55',1,26.3,18,205),(545,4,'asdasd',1,4,0,206),(546,6,'6',1,6,0,206),(550,33,'33',7,212.1,18,206),(551,55,'55',1,26.3,18,206),(558,4,'asdasd',1,4,0,208),(559,5,'5',5,5,0,208),(560,4,'asdasd',7,28,0,209),(561,5,'5',1,5,0,209),(562,33,'33',1,30.3,18,209),(563,55,'55',3,78.9,18,209),(564,33,'33',1,30.3,18,210),(565,33,'33',1,30.3,18,210),(566,33,'33',2,60.6,18,211),(567,33,'33',2,30.3,18,212),(570,5,'5',1,5,0,213),(572,55,'55',5,131.5,18,213),(573,33,'33',3,90.9,18,213),(574,55,'55',5,131.5,18,214),(575,33,'33',1,30.3,18,214),(576,4,'asdasd',1,4,0,215),(577,5,'5',5,5,0,215),(578,6,'6',1,6,0,215),(579,4,'asdasd',1,4,0,216),(580,5,'5',5,5,0,216),(581,6,'6',1,6,0,216),(582,4,'asdasd',1,4,0,217),(583,5,'5',5,5,0,217),(584,6,'6',1,6,0,217),(585,1,'1',5,1,0,218),(586,4,'asdasd',1,4,0,218),(587,5,'5',1,5,0,218),(588,4,'asdasd',1,4,0,219),(589,5,'5',5,5,0,219),(590,6,'6',1,6,0,219),(591,4,'asdasd',1,4,0,220),(592,3,'3',1,3,0,220),(593,6,'6',1,6,0,220),(594,5,'5',5,25,0,220),(595,4,'asdasd',1,4,0,221),(596,5,'5',1,5,0,221),(597,6,'6',1,6,0,221),(598,1,'1',5,1,0,221),(599,4,'asdasd',5,4,0,222),(600,5,'5',1,5,0,222),(601,6,'6',1,6,0,222),(602,4,'asdasd',1,4,0,223),(603,5,'5',5,25,0,223),(604,6,'6',1,6,0,223),(605,4,'asdasd',1,4,0,224),(606,5,'5',5,25,0,224),(607,6,'6',1,6,0,224),(608,4,'asdasd',1,4,0,225),(609,5,'5',5,5,0,225),(610,6,'6',1,6,0,225),(611,4,'asdasd',1,4,0,226),(612,5,'5',1,5,0,226),(613,4,'asdasd',1,4,0,227),(614,5,'5',1,5,0,227),(615,6,'6',1,6,0,227),(617,4,'asdasd',1,4,0,228),(618,5,'5',1,5,0,228),(619,6,'6',7,6,0,228),(620,8,'8',1,8.5,8,228),(621,4,'asdasd',1,4,0,229),(622,5,'5',1,5,0,229),(623,6,'6',1,6,0,229),(625,4,'asdasd',1,4,0,230),(626,5,'5',1,20,0,230),(627,6,'6',1,6,0,230),(628,4,'asdasd',1,4,0,231),(629,1,'1',5,1,0,231),(630,5,'5',1,5,0,231),(631,4,'asdasd',1,4,0,232),(632,5,'5',5,5,0,232),(633,6,'6',1,6,0,232),(634,1,'1',1,1,0,233),(635,4,'asdasd',5,4,0,233),(636,6,'6',1,6,0,233),(637,4,'asdasd',1,4,0,234),(638,6,'6',5,30,0,234),(639,1,'1',1,1,0,234),(640,4,'asdasd',1,4,0,235),(641,5,'5',5,25,0,235),(644,33,'33',1,30.3,18,236),(645,55,'55',1,26.3,18,236),(647,33,'33',1,30.3,18,237),(648,55,'55',1,26.3,18,237),(650,101,'101',1,101,18,237),(651,1,'1',1,1,0,237),(652,4,'asdasd',1,4,0,238),(653,6,'6',1,6,0,238),(655,33,'33',1,30.3,18,238),(662,55,'55',1,26.3,18,239),(663,33,'33',1,30.3,18,239),(664,4,'asdasd',1,4,0,239),(668,55,'55',1,26.3,18,240),(669,55,'55',1,26.3,18,240),(671,33,'33',1,30.3,18,241),(673,55,'55',1,26.3,18,242),(674,33,'33',1,30.3,18,242),(676,5,'5',1,5,0,243),(677,6,'6',1,6,0,243),(678,33,'33',1,30.3,18,243),(679,33,'33',1,30.3,18,243),(680,33,'33',1,30.3,18,243),(681,33,'33',1,30.3,18,243),(686,4,'asdasd',1,4,0,244),(691,5,'5',1,5,0,245),(692,7,'7',1,87.9,8,245),(694,2,'2',1,2,0,246),(695,3,'3',1,3,0,246),(696,1,'1',1,1,0,246),(697,4,'asdasd',1,4,0,246),(698,4,'asdasd',1,4,0,247),(699,4,'asdasd',1,4,0,248),(700,5,'5',1,5,0,248),(701,6,'6',1,6,0,248),(702,4,'asdasd',1,4,0,249),(704,3,'3',1,3,0,249),(705,4,'asdasd',1,4,0,250),(707,3,'3',1,3,0,250),(708,4,'asdasd',1,4,0,251),(710,3,'3',1,3,0,251),(711,4,'asdasd',1,4,0,252),(713,3,'3',1,3,0,252),(714,4,'asdasd',1,4,0,252),(715,4,'asdasd',1,4,0,253),(717,3,'3',1,3,0,253),(718,1,'1',1,1,0,253),(719,4,'asdasd',1,4,0,254),(721,3,'3',1,3,0,254),(723,5,'5',1,5,0,254),(724,6,'6',1,6,0,254),(725,4,'asdasd',1,4,0,255),(726,2,'2',1,2,0,255),(728,5,'5',1,5,0,255),(729,4,'asdasd',1,4,0,256),(730,2,'2',1,2,0,256),(732,4,'asdasd',1,4,0,256),(733,5,'5',1,5,0,256),(734,1,'1',1,1,0,256),(735,1,'1',1,1,0,257),(736,5,'5',1,5,0,257),(737,3,'3',1,3,0,257),(739,4,'asdasd',1,4,0,258),(740,5,'5',1,5,0,258),(742,7,'7',1,87.9,8,258),(744,4,'asdasd',1,4,0,259),(746,3,'3',1,3,0,259),(747,7,'7',1,87.9,8,259),(748,4,'asdasd',1,4,0,260),(749,5,'5',4,20,0,260),(751,7,'7',1,87.9,8,260),(752,4,'asdasd',1,4,0,261),(754,3,'3',1,3,0,261),(755,4,'asdasd',1,4,0,262),(756,7,'7',1,87.9,8,262),(757,6,'6',1,6,0,262),(758,1,'1',1,1,0,262),(759,4,'asdasd',1,4,0,263),(760,5,'5',1,5,0,263),(762,7,'7',1,87.9,8,263),(763,4,'asdasd',1,4,0,264),(764,5,'5',1,5,0,264),(765,6,'6',1,6,0,264),(766,7,'7',1,87.9,8,264),(767,6,'6',1,6,0,264),(768,4,'asdasd',1,4,0,265),(769,5,'5',1,5,0,265),(770,6,'6',1,6,0,265),(771,7,'7',1,87.9,8,265),(772,4,'asdasd',1,4,0,266),(773,5,'5',1,5,0,266),(774,6,'6',1,6,0,266),(777,2,'2',1,2,0,266),(778,3,'3',1,3,0,266),(779,4,'asdasd',1,4,0,267),(780,2,'2',1,2,0,267),(781,3,'3',1,3,0,267),(783,5,'5',1,5,0,267),(784,6,'6',1,6,0,267),(785,4,'asdasd',1,4,0,268),(786,5,'5',1,5,0,268),(787,6,'6',1,6,0,268),(791,3,'3',1,3,0,268),(792,4,'asdasd',1,4,0,269),(793,2,'2',1,2,0,269),(795,4,'asdasd',1,4,0,269),(796,5,'5',1,5,0,269),(797,4,'asdasd',1,4,0,270),(799,33,'33',1,30.3,18,270),(800,55,'55',4,105.2,18,270),(802,4,'asdasd',1,4,8,272),(803,33,'33',1,30.3,18,273),(804,55,'55',2,52.6,18,273),(805,33,'33',1,30.3,18,274),(806,55,'55',2,52.6,18,274),(812,1,'1',1,1,0,280),(813,1,'1',1,1,0,280),(814,1,'1',1,1,0,280),(815,1,'1',1,1,0,280),(816,1,'1',1,1,0,280),(817,4,'asdasd',7,28,8,282),(818,4,'asdasd',1,4,8,282),(819,4,'asdasd',1,4,8,282),(820,4,'asdasd',1,4,8,282),(823,55,'55',1,26.3,18,283),(824,33,'33',5,151.5,18,283),(826,2,'2',1,2,0,284),(827,33,'33',1,30.3,18,284),(829,55,'55',1,26.3,18,285),(830,101,'101',1,101,18,285),(832,2,'2',1,2,0,286),(834,3,'3',1,3,0,287),(839,55,'55',1,26.3,18,289),(840,33,'33',1,30.3,18,289),(841,55,'55',1,26.3,18,290),(842,33,'33',1,30.3,18,290),(843,7,'gfddf',1,21.5,100,292),(845,33,'33',1,36.226,18,293),(846,4,'asdasd',1,4.32,8,293),(847,4,'asdasd',1,4.32,8,293),(848,7,'gfddf',1,43,100,293),(854,7,'gfddf',5,107.5,100,294),(855,7,'gfddf',5,107.5,100,295),(857,7,'gfddf',5,107.5,100,296),(859,7,'gfddf',5,107.5,100,297),(860,7,'gfddf',5,107.5,100,299),(861,7,'gfddf',5,215,100,300),(862,1,'1',1,1,0,301),(863,2,'2',1,2,0,301),(864,3,'3',1,3,0,301),(865,33,'33',1,36.23,18,301),(871,1,'1',1,1,0,304),(872,1,'1',1,1,0,305),(876,33,'33',1,36.23,18,309),(877,55,'55',1,31.03,18,309),(878,101,'101',1,119.18,18,309),(879,4,'asdasd',6,25.92,8,310),(880,1,'1',1,1,0,310),(881,2,'2',1,2,0,310),(882,1,'1',1,1,0,311),(883,4,'asdasd',9,36,8,311),(884,7,'gfddf',1,43,100,311),(885,3,'3',1,3,0,312),(886,7,'gfddf',9,387,100,312),(887,33,'33',2,72.45,18,312),(889,2,'2',2,4,0,315),(892,1,'1',5,5,0,315),(893,1,'1',1,1,0,316),(894,7,'gfddf',1,43,100,316),(895,4,'asdasd',3,12,8,316),(896,55,'55',1,31.03,18,317),(897,55,'55',1,31.03,18,318),(898,4,'asdasd',1,4.32,8,319),(899,33,'33',3,92.1,18,319),(900,1,'1',1,1,0,320),(901,33,'33',1,36.23,18,320),(902,55,'55',3,78.9,18,320),(904,5,'fggjjh',3,60.75,18,321),(905,1,'1',1,1,0,323);
/*!40000 ALTER TABLE `sells_table` ENABLE KEYS */;
UNLOCK TABLES;
/*!50003 SET @saved_cs_client      = @@character_set_client */ ;
/*!50003 SET @saved_cs_results     = @@character_set_results */ ;
/*!50003 SET @saved_col_connection = @@collation_connection */ ;
/*!50003 SET character_set_client  = utf8mb4 */ ;
/*!50003 SET character_set_results = utf8mb4 */ ;
/*!50003 SET collation_connection  = utf8mb4_0900_ai_ci */ ;
/*!50003 SET @saved_sql_mode       = @@sql_mode */ ;
/*!50003 SET sql_mode              = 'STRICT_TRANS_TABLES,NO_ENGINE_SUBSTITUTION' */ ;
DELIMITER ;;
/*!50003 CREATE*/ /*!50017 DEFINER=`root`@`localhost`*/ /*!50003 TRIGGER `sells_table_AFTER_INSERT` AFTER INSERT ON `sells_table` FOR EACH ROW BEGIN
update myshopdb.items_table set Quantity = (myshopdb.items_table.Quantity - new.Quantity) where new.Item_id = myshopdb.items_table.ID;
END */;;
DELIMITER ;
/*!50003 SET sql_mode              = @saved_sql_mode */ ;
/*!50003 SET character_set_client  = @saved_cs_client */ ;
/*!50003 SET character_set_results = @saved_cs_results */ ;
/*!50003 SET collation_connection  = @saved_col_connection */ ;
/*!50003 SET @saved_cs_client      = @@character_set_client */ ;
/*!50003 SET @saved_cs_results     = @@character_set_results */ ;
/*!50003 SET @saved_col_connection = @@collation_connection */ ;
/*!50003 SET character_set_client  = utf8mb4 */ ;
/*!50003 SET character_set_results = utf8mb4 */ ;
/*!50003 SET collation_connection  = utf8mb4_0900_ai_ci */ ;
/*!50003 SET @saved_sql_mode       = @@sql_mode */ ;
/*!50003 SET sql_mode              = 'STRICT_TRANS_TABLES,NO_ENGINE_SUBSTITUTION' */ ;
DELIMITER ;;
/*!50003 CREATE*/ /*!50017 DEFINER=`root`@`localhost`*/ /*!50003 TRIGGER `sells_table_BEFORE_UPDATE` BEFORE UPDATE ON `sells_table` FOR EACH ROW BEGIN
update myshopdb.items_table set Quantity = (myshopdb.items_table.Quantity + old.Quantity) where new.Item_id = myshopdb.items_table.ID;
END */;;
DELIMITER ;
/*!50003 SET sql_mode              = @saved_sql_mode */ ;
/*!50003 SET character_set_client  = @saved_cs_client */ ;
/*!50003 SET character_set_results = @saved_cs_results */ ;
/*!50003 SET collation_connection  = @saved_col_connection */ ;
/*!50003 SET @saved_cs_client      = @@character_set_client */ ;
/*!50003 SET @saved_cs_results     = @@character_set_results */ ;
/*!50003 SET @saved_col_connection = @@collation_connection */ ;
/*!50003 SET character_set_client  = utf8mb4 */ ;
/*!50003 SET character_set_results = utf8mb4 */ ;
/*!50003 SET collation_connection  = utf8mb4_0900_ai_ci */ ;
/*!50003 SET @saved_sql_mode       = @@sql_mode */ ;
/*!50003 SET sql_mode              = 'STRICT_TRANS_TABLES,NO_ENGINE_SUBSTITUTION' */ ;
DELIMITER ;;
/*!50003 CREATE*/ /*!50017 DEFINER=`root`@`localhost`*/ /*!50003 TRIGGER `sells_table_AFTER_UPDATE` AFTER UPDATE ON `sells_table` FOR EACH ROW BEGIN
update myshopdb.items_table set Quantity = (myshopdb.items_table.Quantity - new.Quantity) where new.Item_id = myshopdb.items_table.ID;
END */;;
DELIMITER ;
/*!50003 SET sql_mode              = @saved_sql_mode */ ;
/*!50003 SET character_set_client  = @saved_cs_client */ ;
/*!50003 SET character_set_results = @saved_cs_results */ ;
/*!50003 SET collation_connection  = @saved_col_connection */ ;
/*!50003 SET @saved_cs_client      = @@character_set_client */ ;
/*!50003 SET @saved_cs_results     = @@character_set_results */ ;
/*!50003 SET @saved_col_connection = @@collation_connection */ ;
/*!50003 SET character_set_client  = utf8mb4 */ ;
/*!50003 SET character_set_results = utf8mb4 */ ;
/*!50003 SET collation_connection  = utf8mb4_0900_ai_ci */ ;
/*!50003 SET @saved_sql_mode       = @@sql_mode */ ;
/*!50003 SET sql_mode              = 'STRICT_TRANS_TABLES,NO_ENGINE_SUBSTITUTION' */ ;
DELIMITER ;;
/*!50003 CREATE*/ /*!50017 DEFINER=`root`@`localhost`*/ /*!50003 TRIGGER `sells_table_AFTER_DELETE` AFTER DELETE ON `sells_table` FOR EACH ROW BEGIN
update myshopdb.items_table set Quantity = (myshopdb.items_table.Quantity + old.Quantity) where old.Item_id = myshopdb.items_table.ID;
END */;;
DELIMITER ;
/*!50003 SET sql_mode              = @saved_sql_mode */ ;
/*!50003 SET character_set_client  = @saved_cs_client */ ;
/*!50003 SET character_set_results = @saved_cs_results */ ;
/*!50003 SET collation_connection  = @saved_col_connection */ ;

--
-- Table structure for table `staff_log_table`
--

DROP TABLE IF EXISTS `staff_log_table`;
/*!40101 SET @saved_cs_client     = @@character_set_client */;
/*!50503 SET character_set_client = utf8mb4 */;
CREATE TABLE `staff_log_table` (
  `ID` int NOT NULL AUTO_INCREMENT,
  `Date` datetime NOT NULL,
  `Type_of_operation` varchar(45) NOT NULL,
  `staffID` int NOT NULL,
  `oldIdNum` bigint NOT NULL,
  `oldFirstName` varchar(100) NOT NULL,
  `oldLastName` varchar(100) NOT NULL,
  `oldPhone` bigint NOT NULL,
  `oldEmail` varchar(200) NOT NULL,
  `oldPosition` varchar(45) NOT NULL,
  `oldSalary` double NOT NULL,
  `newIdNum` bigint NOT NULL,
  `newFirstName` varchar(100) NOT NULL,
  `newLastName` varchar(100) NOT NULL,
  `newPhone` bigint NOT NULL,
  `newEmail` varchar(100) NOT NULL,
  `newPosition` varchar(45) NOT NULL,
  `newSalary` double NOT NULL,
  PRIMARY KEY (`ID`)
) ENGINE=InnoDB AUTO_INCREMENT=19 DEFAULT CHARSET=utf8mb4 COLLATE=utf8mb4_0900_ai_ci;
/*!40101 SET character_set_client = @saved_cs_client */;

--
-- Dumping data for table `staff_log_table`
--

LOCK TABLES `staff_log_table` WRITE;
/*!40000 ALTER TABLE `staff_log_table` DISABLE KEYS */;
INSERT INTO `staff_log_table` VALUES (2,'2022-06-05 17:42:57','insert',40,0,' ',' ',0,' ',' ',0,54546,'sdffds','546546',546546546,'gfgfdf','gddgddf',5000),(3,'2022-06-05 17:45:39','insert',41,0,' ',' ',0,' ',' ',0,4654,'sdfsdf','sdfsdf',654,'sdfsdf','sdfsdf',6500),(4,'2022-06-05 17:47:43','update',3,9256469896,'Mehmet','Soba',56987656546,'asdh@gmail.com','Worker',4500,9256469896,'Mehmet','Soba',56987656546,'asdh@gmail.com','Worker',6750),(5,'2022-06-05 17:49:19','delete',37,4654,'sdfsdf','sdfsdf',654,'sdfsdf','sdfsdf',564,0,' ',' ',0,' ',' ',0),(6,'2022-06-08 12:02:36','insert',42,0,' ',' ',0,' ',' ',0,5645645654,'Mehmet','Kaya',5555555555,'mehmet.kaya@gmail.com','Store Manager',12000),(7,'2022-06-08 12:03:22','insert',43,0,' ',' ',0,' ',' ',0,5645645654,'Mehmet','Kaya',4665456456,'mehmet.kaya@gmail.com','Store Manager',12000),(8,'2022-06-08 12:09:08','update',41,4654,'sdfsdf','sdfsdf',654,'sdfsdf','sdfsdf',6500,4654,'sdfsdf','sdfsdf',654,'sdfsdf','sdfsdf',6500),(9,'2022-06-08 12:09:17','delete',43,5645645654,'Mehmet','Kaya',4665456456,'mehmet.kaya@gmail.com','Store Manager',12000,0,' ',' ',0,' ',' ',0),(10,'2022-06-08 12:10:25','update',41,4654,'sdfsdf','sdfsdf',654,'sdfsdf','sdfsdf',6500,2165498465,'sdfsdf','sdfsdf',466556564,'sdfsdf','sdfsdf',6500),(11,'2022-06-08 13:18:58','insert',44,0,' ',' ',0,' ',' ',0,4654654654,'nbvjhcvjhcv','rtfgfgufud',5432321654,'mustafa.wais@gmail.com','ceo 2',250315),(12,'2022-06-08 13:19:05','delete',41,2165498465,'sdfsdf','sdfsdf',466556564,'sdfsdf','sdfsdf',6500,0,' ',' ',0,' ',' ',0),(13,'2022-06-09 01:35:06','insert',45,0,' ',' ',0,' ',' ',0,65465132564,'mustafa','wais',564564654,'mustyaf@gmail.com','nwuw',6500),(14,'2022-06-09 14:39:44','update',45,65465132564,'mustafa','wais',564564654,'mustyaf@gmail.com','nwuw',6500,65465132564,'mustafa','wais',564564654,'mustyaf@gmail.com','Garson',4250),(15,'2022-06-09 14:50:16','delete',44,4654654654,'nbvjhcvjhcv','rtfgfgufud',5432321654,'mustafa.wais@gmail.com','ceo 2',250315,0,' ',' ',0,' ',' ',0),(16,'2022-06-09 14:51:39','delete',40,54546,'sdffds','546546',546546546,'gfgfdf','gddgddf',5000,0,' ',' ',0,' ',' ',0),(17,'2022-06-09 14:53:12','delete',23,9959595,'sdfgsdf','sdfsdfdf',5654546,'fdfdfs@gmail.com','dfdgddf',5000,0,' ',' ',0,' ',' ',0),(18,'2022-06-09 14:55:02','delete',3,9256469896,'Mehmet','Soba',56987656546,'asdh@gmail.com','Worker',6750,0,' ',' ',0,' ',' ',0);
/*!40000 ALTER TABLE `staff_log_table` ENABLE KEYS */;
UNLOCK TABLES;

--
-- Table structure for table `staff_table`
--

DROP TABLE IF EXISTS `staff_table`;
/*!40101 SET @saved_cs_client     = @@character_set_client */;
/*!50503 SET character_set_client = utf8mb4 */;
CREATE TABLE `staff_table` (
  `ID` int NOT NULL AUTO_INCREMENT,
  `IdNum` bigint NOT NULL,
  `FirstName` varchar(45) NOT NULL,
  `LastName` varchar(45) NOT NULL,
  `Phone` bigint DEFAULT NULL,
  `Email` varchar(100) DEFAULT NULL,
  `Position` varchar(45) NOT NULL,
  `Salary` double NOT NULL,
  PRIMARY KEY (`ID`)
) ENGINE=InnoDB AUTO_INCREMENT=46 DEFAULT CHARSET=utf8mb4 COLLATE=utf8mb4_0900_ai_ci;
/*!40101 SET character_set_client = @saved_cs_client */;

--
-- Dumping data for table `staff_table`
--

LOCK TABLES `staff_table` WRITE;
/*!40000 ALTER TABLE `staff_table` DISABLE KEYS */;
INSERT INTO `staff_table` VALUES (1,99999999999,'Mustafa','Wais',5555555555,'sdkjfhs@gmail.com','CEO',250000),(2,9999999999,'ahmet','al-ali',555555555555,'sdfsdfsdfasdasdasd>gmail.com','Cashier',6500),(13,99999999999,'msdıjh','esdfıudsfıu',5665456452,'swefhsedfjıhsd@gmail.com','Cashier',4500),(42,5645645654,'Mehmet','Kaya',5555555555,'mehmet.kaya@gmail.com','Store Manager',12000),(45,65465132564,'mustafa','wais',564564654,'mustyaf@gmail.com','Garson',4250);
/*!40000 ALTER TABLE `staff_table` ENABLE KEYS */;
UNLOCK TABLES;
/*!50003 SET @saved_cs_client      = @@character_set_client */ ;
/*!50003 SET @saved_cs_results     = @@character_set_results */ ;
/*!50003 SET @saved_col_connection = @@collation_connection */ ;
/*!50003 SET character_set_client  = utf8mb4 */ ;
/*!50003 SET character_set_results = utf8mb4 */ ;
/*!50003 SET collation_connection  = utf8mb4_0900_ai_ci */ ;
/*!50003 SET @saved_sql_mode       = @@sql_mode */ ;
/*!50003 SET sql_mode              = 'STRICT_TRANS_TABLES,NO_ENGINE_SUBSTITUTION' */ ;
DELIMITER ;;
/*!50003 CREATE*/ /*!50017 DEFINER=`root`@`localhost`*/ /*!50003 TRIGGER `staff_table_AFTER_INSERT` AFTER INSERT ON `staff_table` FOR EACH ROW BEGIN
insert into myshopdb.staff_log_table (Date,Type_of_operation,staffID,oldIdNum,oldFirstName,oldLastName,oldPhone,oldEmail,oldPosition,oldSalary,newIdNum,newFirstName,newLastName,newPhone,newEmail,newPosition,newSalary)
values (now(),'insert',new.ID,0,' ',' ',0,' ',' ',0,new.IdNum,new.FirstName,new.LastName,new.Phone,new.Email,new.Position,new.Salary);
END */;;
DELIMITER ;
/*!50003 SET sql_mode              = @saved_sql_mode */ ;
/*!50003 SET character_set_client  = @saved_cs_client */ ;
/*!50003 SET character_set_results = @saved_cs_results */ ;
/*!50003 SET collation_connection  = @saved_col_connection */ ;
/*!50003 SET @saved_cs_client      = @@character_set_client */ ;
/*!50003 SET @saved_cs_results     = @@character_set_results */ ;
/*!50003 SET @saved_col_connection = @@collation_connection */ ;
/*!50003 SET character_set_client  = utf8mb4 */ ;
/*!50003 SET character_set_results = utf8mb4 */ ;
/*!50003 SET collation_connection  = utf8mb4_0900_ai_ci */ ;
/*!50003 SET @saved_sql_mode       = @@sql_mode */ ;
/*!50003 SET sql_mode              = 'STRICT_TRANS_TABLES,NO_ENGINE_SUBSTITUTION' */ ;
DELIMITER ;;
/*!50003 CREATE*/ /*!50017 DEFINER=`root`@`localhost`*/ /*!50003 TRIGGER `staff_table_AFTER_UPDATE` AFTER UPDATE ON `staff_table` FOR EACH ROW BEGIN
insert into myshopdb.staff_log_table (Date,Type_of_operation,staffID,oldIdNum,oldFirstName,oldLastName,oldPhone,oldEmail,oldPosition,oldSalary,newIdNum,newFirstName,newLastName,newPhone,newEmail,newPosition,newSalary)
values (now(),'update',old.ID,old.IdNum,old.FirstName,old.LastName,old.Phone,old.Email,old.Position,old.Salary,new.IdNum,new.FirstName,new.LastName,new.Phone,new.Email,new.Position,new.Salary);
END */;;
DELIMITER ;
/*!50003 SET sql_mode              = @saved_sql_mode */ ;
/*!50003 SET character_set_client  = @saved_cs_client */ ;
/*!50003 SET character_set_results = @saved_cs_results */ ;
/*!50003 SET collation_connection  = @saved_col_connection */ ;
/*!50003 SET @saved_cs_client      = @@character_set_client */ ;
/*!50003 SET @saved_cs_results     = @@character_set_results */ ;
/*!50003 SET @saved_col_connection = @@collation_connection */ ;
/*!50003 SET character_set_client  = utf8mb4 */ ;
/*!50003 SET character_set_results = utf8mb4 */ ;
/*!50003 SET collation_connection  = utf8mb4_0900_ai_ci */ ;
/*!50003 SET @saved_sql_mode       = @@sql_mode */ ;
/*!50003 SET sql_mode              = 'STRICT_TRANS_TABLES,NO_ENGINE_SUBSTITUTION' */ ;
DELIMITER ;;
/*!50003 CREATE*/ /*!50017 DEFINER=`root`@`localhost`*/ /*!50003 TRIGGER `staff_table_AFTER_DELETE` AFTER DELETE ON `staff_table` FOR EACH ROW BEGIN
insert into myshopdb.staff_log_table (Date,Type_of_operation,staffID,oldIdNum,oldFirstName,oldLastName,oldPhone,oldEmail,oldPosition,oldSalary,newIdNum,newFirstName,newLastName,newPhone,newEmail,newPosition,newSalary)
values (now(),'delete',old.ID,old.IdNum,old.FirstName,old.LastName,old.Phone,old.Email,old.Position,old.Salary,0,' ',' ',0,' ',' ',0);
END */;;
DELIMITER ;
/*!50003 SET sql_mode              = @saved_sql_mode */ ;
/*!50003 SET character_set_client  = @saved_cs_client */ ;
/*!50003 SET character_set_results = @saved_cs_results */ ;
/*!50003 SET collation_connection  = @saved_col_connection */ ;

--
-- Table structure for table `user_table`
--

DROP TABLE IF EXISTS `user_table`;
/*!40101 SET @saved_cs_client     = @@character_set_client */;
/*!50503 SET character_set_client = utf8mb4 */;
CREATE TABLE `user_table` (
  `ID` int NOT NULL AUTO_INCREMENT,
  `Name` varchar(45) NOT NULL,
  `Password` varchar(45) NOT NULL,
  PRIMARY KEY (`ID`),
  UNIQUE KEY `ID_UNIQUE` (`ID`)
) ENGINE=InnoDB AUTO_INCREMENT=3 DEFAULT CHARSET=utf8mb4 COLLATE=utf8mb4_0900_ai_ci;
/*!40101 SET character_set_client = @saved_cs_client */;

--
-- Dumping data for table `user_table`
--

LOCK TABLES `user_table` WRITE;
/*!40000 ALTER TABLE `user_table` DISABLE KEYS */;
INSERT INTO `user_table` VALUES (1,'Admin','admin'),(2,'User','user');
/*!40000 ALTER TABLE `user_table` ENABLE KEYS */;
UNLOCK TABLES;

--
-- Dumping events for database 'myshopdb'
--

--
-- Dumping routines for database 'myshopdb'
--
/*!40103 SET TIME_ZONE=@OLD_TIME_ZONE */;

/*!40101 SET SQL_MODE=@OLD_SQL_MODE */;
/*!40014 SET FOREIGN_KEY_CHECKS=@OLD_FOREIGN_KEY_CHECKS */;
/*!40014 SET UNIQUE_CHECKS=@OLD_UNIQUE_CHECKS */;
/*!40101 SET CHARACTER_SET_CLIENT=@OLD_CHARACTER_SET_CLIENT */;
/*!40101 SET CHARACTER_SET_RESULTS=@OLD_CHARACTER_SET_RESULTS */;
/*!40101 SET COLLATION_CONNECTION=@OLD_COLLATION_CONNECTION */;
/*!40111 SET SQL_NOTES=@OLD_SQL_NOTES */;

-- Dump completed on 2022-06-13  9:08:58
